time_s,vin_V,vout_V
0.000000000e+00,0.000000,0.000000
1.000000000e-08,0.010000,0.000000
1.084000560e-08,0.010840,0.000000
1.252001680e-08,0.012520,0.000000
1.588003920e-08,0.015880,0.000000
2.260008400e-08,0.022600,0.000000
3.604017360e-08,0.036040,0.000001
6.292035280e-08,0.062920,0.000002
1.166807112e-07,0.116681,0.000007
2.242014280e-07,0.224201,0.000025
4.392428616e-07,0.439243,0.000097
8.693257288e-07,0.869326,0.000378
1.000000000e-06,1.000000,0.000500
1.086016573e-06,1.000000,0.000586
1.258049720e-06,1.000000,0.000758
1.602116014e-06,1.000000,0.001102
2.290248602e-06,1.000000,0.001789
3.666513777e-06,1.000000,0.003162
5.666513777e-06,1.000000,0.005153
7.666513777e-06,1.000000,0.007141
9.666513777e-06,1.000000,0.009125
1.166651378e-05,1.000000,0.011104
1.366651378e-05,1.000000,0.013080
1.566651378e-05,1.000000,0.015052
1.766651378e-05,1.000000,0.017020
1.966651378e-05,1.000000,0.018984
2.166651378e-05,1.000000,0.020944
2.366651378e-05,1.000000,0.022900
2.566651378e-05,1.000000,0.024852
2.766651378e-05,1.000000,0.026801
2.966651378e-05,1.000000,0.028745
3.166651378e-05,1.000000,0.030686
3.366651378e-05,1.000000,0.032623
3.566651378e-05,1.000000,0.034555
3.766651378e-05,1.000000,0.036484
3.966651378e-05,1.000000,0.038409
4.166651378e-05,1.000000,0.040331
4.366651378e-05,1.000000,0.042248
4.566651378e-05,1.000000,0.044162
4.766651378e-05,1.000000,0.046071
4.966651378e-05,1.000000,0.047977
5.166651378e-05,1.000000,0.049880
5.366651378e-05,1.000000,0.051778
5.566651378e-05,1.000000,0.053672
5.766651378e-05,1.000000,0.055563
5.966651378e-05,1.000000,0.057450
6.166651378e-05,1.000000,0.059333
6.366651378e-05,1.000000,0.061213
6.566651378e-05,1.000000,0.063089
6.766651378e-05,1.000000,0.064961
6.966651378e-05,1.000000,0.066829
7.166651378e-05,1.000000,0.068693
7.366651378e-05,1.000000,0.070554
7.566651378e-05,1.000000,0.072411
7.766651378e-05,1.000000,0.074264
7.966651378e-05,1.000000,0.076114
8.166651378e-05,1.000000,0.077960
8.366651378e-05,1.000000,0.079802
8.566651378e-05,1.000000,0.081641
8.766651378e-05,1.000000,0.083476
8.966651378e-05,1.000000,0.085307
9.166651378e-05,1.000000,0.087134
9.366651378e-05,1.000000,0.088958
9.566651378e-05,1.000000,0.090779
9.766651378e-05,1.000000,0.092595
9.966651378e-05,1.000000,0.094408
1.016665138e-04,1.000000,0.096217
1.036665138e-04,1.000000,0.098023
1.056665138e-04,1.000000,0.099825
1.076665138e-04,1.000000,0.101624
1.096665138e-04,1.000000,0.103419
1.116665138e-04,1.000000,0.105210
1.136665138e-04,1.000000,0.106998
1.156665138e-04,1.000000,0.108782
1.176665138e-04,1.000000,0.110563
1.196665138e-04,1.000000,0.112340
1.216665138e-04,1.000000,0.114114
1.236665138e-04,1.000000,0.115884
1.256665138e-04,1.000000,0.117650
1.276665138e-04,1.000000,0.119413
1.296665138e-04,1.000000,0.121172
1.316665138e-04,1.000000,0.122928
1.336665138e-04,1.000000,0.124681
1.356665138e-04,1.000000,0.126430
1.376665138e-04,1.000000,0.128175
1.396665138e-04,1.000000,0.129917
1.416665138e-04,1.000000,0.131655
1.436665138e-04,1.000000,0.133390
1.456665138e-04,1.000000,0.135122
1.476665138e-04,1.000000,0.136850
1.496665138e-04,1.000000,0.138574
1.516665138e-04,1.000000,0.140296
1.536665138e-04,1.000000,0.142013
1.556665138e-04,1.000000,0.143727
1.576665138e-04,1.000000,0.145438
1.596665138e-04,1.000000,0.147146
1.616665138e-04,1.000000,0.148850
1.636665138e-04,1.000000,0.150550
1.656665138e-04,1.000000,0.152248
1.676665138e-04,1.000000,0.153941
1.696665138e-04,1.000000,0.155632
1.716665138e-04,1.000000,0.157319
1.736665138e-04,1.000000,0.159002
1.756665138e-04,1.000000,0.160683
1.776665138e-04,1.000000,0.162360
1.796665138e-04,1.000000,0.164033
1.816665138e-04,1.000000,0.165704
1.836665138e-04,1.000000,0.167371
1.856665138e-04,1.000000,0.169034
1.876665138e-04,1.000000,0.170694
1.896665138e-04,1.000000,0.172351
1.916665138e-04,1.000000,0.174005
1.936665138e-04,1.000000,0.175655
1.956665138e-04,1.000000,0.177302
1.976665138e-04,1.000000,0.178946
1.996665138e-04,1.000000,0.180587
2.016665138e-04,1.000000,0.182224
2.036665138e-04,1.000000,0.183858
2.056665138e-04,1.000000,0.185488
2.076665138e-04,1.000000,0.187116
2.096665138e-04,1.000000,0.188740
2.116665138e-04,1.000000,0.190361
2.136665138e-04,1.000000,0.191978
2.156665138e-04,1.000000,0.193593
2.176665138e-04,1.000000,0.195204
2.196665138e-04,1.000000,0.196812
2.216665138e-04,1.000000,0.198417
2.236665138e-04,1.000000,0.200018
2.256665138e-04,1.000000,0.201617
2.276665138e-04,1.000000,0.203212
2.296665138e-04,1.000000,0.204804
2.316665138e-04,1.000000,0.206393
2.336665138e-04,1.000000,0.207978
2.356665138e-04,1.000000,0.209561
2.376665138e-04,1.000000,0.211140
2.396665138e-04,1.000000,0.212716
2.416665138e-04,1.000000,0.214289
2.436665138e-04,1.000000,0.215859
2.456665138e-04,1.000000,0.217426
2.476665138e-04,1.000000,0.218989
2.496665138e-04,1.000000,0.220550
2.516665138e-04,1.000000,0.222107
2.536665138e-04,1.000000,0.223661
2.556665138e-04,1.000000,0.225213
2.576665138e-04,1.000000,0.226761
2.596665138e-04,1.000000,0.228306
2.616665138e-04,1.000000,0.229847
2.636665138e-04,1.000000,0.231386
2.656665138e-04,1.000000,0.232922
2.676665138e-04,1.000000,0.234454
2.696665138e-04,1.000000,0.235984
2.716665138e-04,1.000000,0.237511
2.736665138e-04,1.000000,0.239034
2.756665138e-04,1.000000,0.240554
2.776665138e-04,1.000000,0.242072
2.796665138e-04,1.000000,0.243586
2.816665138e-04,1.000000,0.245097
2.836665138e-04,1.000000,0.246606
2.856665138e-04,1.000000,0.248111
2.876665138e-04,1.000000,0.249613
2.896665138e-04,1.000000,0.251113
2.916665138e-04,1.000000,0.252609
2.936665138e-04,1.000000,0.254102
2.956665138e-04,1.000000,0.255592
2.976665138e-04,1.000000,0.257080
2.996665138e-04,1.000000,0.258564
3.016665138e-04,1.000000,0.260046
3.036665138e-04,1.000000,0.261524
3.056665138e-04,1.000000,0.262999
3.076665138e-04,1.000000,0.264472
3.096665138e-04,1.000000,0.265942
3.116665138e-04,1.000000,0.267408
3.136665138e-04,1.000000,0.268872
3.156665138e-04,1.000000,0.270333
3.176665138e-04,1.000000,0.271791
3.196665138e-04,1.000000,0.273246
3.216665138e-04,1.000000,0.274698
3.236665138e-04,1.000000,0.276147
3.256665138e-04,1.000000,0.277593
3.276665138e-04,1.000000,0.279036
3.296665138e-04,1.000000,0.280477
3.316665138e-04,1.000000,0.281914
3.336665138e-04,1.000000,0.283349
3.356665138e-04,1.000000,0.284781
3.376665138e-04,1.000000,0.286210
3.396665138e-04,1.000000,0.287636
3.416665138e-04,1.000000,0.289060
3.436665138e-04,1.000000,0.290480
3.456665138e-04,1.000000,0.291898
3.476665138e-04,1.000000,0.293312
3.496665138e-04,1.000000,0.294724
3.516665138e-04,1.000000,0.296134
3.536665138e-04,1.000000,0.297540
3.556665138e-04,1.000000,0.298943
3.576665138e-04,1.000000,0.300344
3.596665138e-04,1.000000,0.301742
3.616665138e-04,1.000000,0.303137
3.636665138e-04,1.000000,0.304529
3.656665138e-04,1.000000,0.305919
3.676665138e-04,1.000000,0.307306
3.696665138e-04,1.000000,0.308690
3.716665138e-04,1.000000,0.310071
3.736665138e-04,1.000000,0.311450
3.756665138e-04,1.000000,0.312825
3.776665138e-04,1.000000,0.314198
3.796665138e-04,1.000000,0.315568
3.816665138e-04,1.000000,0.316936
3.836665138e-04,1.000000,0.318301
3.856665138e-04,1.000000,0.319663
3.876665138e-04,1.000000,0.321022
3.896665138e-04,1.000000,0.322379
3.916665138e-04,1.000000,0.323733
3.936665138e-04,1.000000,0.325084
3.956665138e-04,1.000000,0.326432
3.976665138e-04,1.000000,0.327778
3.996665138e-04,1.000000,0.329121
4.016665138e-04,1.000000,0.330462
4.036665138e-04,1.000000,0.331799
4.056665138e-04,1.000000,0.333134
4.076665138e-04,1.000000,0.334467
4.096665138e-04,1.000000,0.335796
4.116665138e-04,1.000000,0.337124
4.136665138e-04,1.000000,0.338448
4.156665138e-04,1.000000,0.339770
4.176665138e-04,1.000000,0.341089
4.196665138e-04,1.000000,0.342405
4.216665138e-04,1.000000,0.343719
4.236665138e-04,1.000000,0.345031
4.256665138e-04,1.000000,0.346339
4.276665138e-04,1.000000,0.347645
4.296665138e-04,1.000000,0.348949
4.316665138e-04,1.000000,0.350249
4.336665138e-04,1.000000,0.351548
4.356665138e-04,1.000000,0.352843
4.376665138e-04,1.000000,0.354136
4.396665138e-04,1.000000,0.355427
4.416665138e-04,1.000000,0.356715
4.436665138e-04,1.000000,0.358000
4.456665138e-04,1.000000,0.359283
4.476665138e-04,1.000000,0.360563
4.496665138e-04,1.000000,0.361840
4.516665138e-04,1.000000,0.363115
4.536665138e-04,1.000000,0.364388
4.556665138e-04,1.000000,0.365658
4.576665138e-04,1.000000,0.366925
4.596665138e-04,1.000000,0.368190
4.616665138e-04,1.000000,0.369452
4.636665138e-04,1.000000,0.370712
4.656665138e-04,1.000000,0.371970
4.676665138e-04,1.000000,0.373224
4.696665138e-04,1.000000,0.374477
4.716665138e-04,1.000000,0.375726
4.736665138e-04,1.000000,0.376974
4.756665138e-04,1.000000,0.378219
4.776665138e-04,1.000000,0.379461
4.796665138e-04,1.000000,0.380701
4.816665138e-04,1.000000,0.381938
4.836665138e-04,1.000000,0.383173
4.856665138e-04,1.000000,0.384405
4.876665138e-04,1.000000,0.385635
4.896665138e-04,1.000000,0.386863
4.916665138e-04,1.000000,0.388088
4.936665138e-04,1.000000,0.389311
4.956665138e-04,1.000000,0.390531
4.976665138e-04,1.000000,0.391748
4.996665138e-04,1.000000,0.392964
5.016665138e-04,1.000000,0.394177
5.036665138e-04,1.000000,0.395387
5.056665138e-04,1.000000,0.396595
5.076665138e-04,1.000000,0.397801
5.096665138e-04,1.000000,0.399004
5.116665138e-04,1.000000,0.400205
5.136665138e-04,1.000000,0.401403
5.156665138e-04,1.000000,0.402599
5.176665138e-04,1.000000,0.403793
5.196665138e-04,1.000000,0.404984
5.216665138e-04,1.000000,0.406173
5.236665138e-04,1.000000,0.407359
5.256665138e-04,1.000000,0.408543
5.276665138e-04,1.000000,0.409725
5.296665138e-04,1.000000,0.410904
5.316665138e-04,1.000000,0.412081
5.336665138e-04,1.000000,0.413256
5.356665138e-04,1.000000,0.414428
5.376665138e-04,1.000000,0.415598
5.396665138e-04,1.000000,0.416766
5.416665138e-04,1.000000,0.417931
5.436665138e-04,1.000000,0.419094
5.456665138e-04,1.000000,0.420255
5.476665138e-04,1.000000,0.421413
5.496665138e-04,1.000000,0.422569
5.516665138e-04,1.000000,0.423723
5.536665138e-04,1.000000,0.424874
5.556665138e-04,1.000000,0.426023
5.576665138e-04,1.000000,0.427170
5.596665138e-04,1.000000,0.428315
5.616665138e-04,1.000000,0.429457
5.636665138e-04,1.000000,0.430597
5.656665138e-04,1.000000,0.431735
5.676665138e-04,1.000000,0.432870
5.696665138e-04,1.000000,0.434003
5.716665138e-04,1.000000,0.435134
5.736665138e-04,1.000000,0.436263
5.756665138e-04,1.000000,0.437389
5.776665138e-04,1.000000,0.438513
5.796665138e-04,1.000000,0.439635
5.816665138e-04,1.000000,0.440754
5.836665138e-04,1.000000,0.441872
5.856665138e-04,1.000000,0.442987
5.876665138e-04,1.000000,0.444100
5.896665138e-04,1.000000,0.445211
5.916665138e-04,1.000000,0.446319
5.936665138e-04,1.000000,0.447425
5.956665138e-04,1.000000,0.448529
5.976665138e-04,1.000000,0.449631
5.996665138e-04,1.000000,0.450731
6.016665138e-04,1.000000,0.451828
6.036665138e-04,1.000000,0.452924
6.056665138e-04,1.000000,0.454017
6.076665138e-04,1.000000,0.455107
6.096665138e-04,1.000000,0.456196
6.116665138e-04,1.000000,0.457283
6.136665138e-04,1.000000,0.458367
6.156665138e-04,1.000000,0.459449
6.176665138e-04,1.000000,0.460529
6.196665138e-04,1.000000,0.461607
6.216665138e-04,1.000000,0.462683
6.236665138e-04,1.000000,0.463756
6.256665138e-04,1.000000,0.464828
6.276665138e-04,1.000000,0.465897
6.296665138e-04,1.000000,0.466964
6.316665138e-04,1.000000,0.468029
6.336665138e-04,1.000000,0.469092
6.356665138e-04,1.000000,0.470153
6.376665138e-04,1.000000,0.471211
6.396665138e-04,1.000000,0.472268
6.416665138e-04,1.000000,0.473322
6.436665138e-04,1.000000,0.474375
6.456665138e-04,1.000000,0.475425
6.476665138e-04,1.000000,0.476473
6.496665138e-04,1.000000,0.477519
6.516665138e-04,1.000000,0.478563
6.536665138e-04,1.000000,0.479605
6.556665138e-04,1.000000,0.480645
6.576665138e-04,1.000000,0.481682
6.596665138e-04,1.000000,0.482718
6.616665138e-04,1.000000,0.483751
6.636665138e-04,1.000000,0.484783
6.656665138e-04,1.000000,0.485812
6.676665138e-04,1.000000,0.486840
6.696665138e-04,1.000000,0.487865
6.716665138e-04,1.000000,0.488888
6.736665138e-04,1.000000,0.489909
6.756665138e-04,1.000000,0.490928
6.776665138e-04,1.000000,0.491946
6.796665138e-04,1.000000,0.492961
6.816665138e-04,1.000000,0.493974
6.836665138e-04,1.000000,0.494985
6.856665138e-04,1.000000,0.495994
6.876665138e-04,1.000000,0.497001
6.896665138e-04,1.000000,0.498006
6.916665138e-04,1.000000,0.499009
6.936665138e-04,1.000000,0.500010
6.956665138e-04,1.000000,0.501009
6.976665138e-04,1.000000,0.502006
6.996665138e-04,1.000000,0.503001
7.016665138e-04,1.000000,0.503994
7.036665138e-04,1.000000,0.504985
7.056665138e-04,1.000000,0.505974
7.076665138e-04,1.000000,0.506961
7.096665138e-04,1.000000,0.507946
7.116665138e-04,1.000000,0.508929
7.136665138e-04,1.000000,0.509910
7.156665138e-04,1.000000,0.510889
7.176665138e-04,1.000000,0.511867
7.196665138e-04,1.000000,0.512842
7.216665138e-04,1.000000,0.513815
7.236665138e-04,1.000000,0.514787
7.256665138e-04,1.000000,0.515756
7.276665138e-04,1.000000,0.516724
7.296665138e-04,1.000000,0.517689
7.316665138e-04,1.000000,0.518653
7.336665138e-04,1.000000,0.519615
7.356665138e-04,1.000000,0.520574
7.376665138e-04,1.000000,0.521532
7.396665138e-04,1.000000,0.522488
7.416665138e-04,1.000000,0.523442
7.436665138e-04,1.000000,0.524395
7.456665138e-04,1.000000,0.525345
7.476665138e-04,1.000000,0.526293
7.496665138e-04,1.000000,0.527240
7.516665138e-04,1.000000,0.528184
7.536665138e-04,1.000000,0.529127
7.556665138e-04,1.000000,0.530068
7.576665138e-04,1.000000,0.531007
7.596665138e-04,1.000000,0.531944
7.616665138e-04,1.000000,0.532879
7.636665138e-04,1.000000,0.533812
7.656665138e-04,1.000000,0.534744
7.676665138e-04,1.000000,0.535673
7.696665138e-04,1.000000,0.536601
7.716665138e-04,1.000000,0.537527
7.736665138e-04,1.000000,0.538451
7.756665138e-04,1.000000,0.539373
7.776665138e-04,1.000000,0.540293
7.796665138e-04,1.000000,0.541212
7.816665138e-04,1.000000,0.542129
7.836665138e-04,1.000000,0.543043
7.856665138e-04,1.000000,0.543956
7.876665138e-04,1.000000,0.544868
7.896665138e-04,1.000000,0.545777
7.916665138e-04,1.000000,0.546684
7.936665138e-04,1.000000,0.547590
7.956665138e-04,1.000000,0.548494
7.976665138e-04,1.000000,0.549396
7.996665138e-04,1.000000,0.550296
8.016665138e-04,1.000000,0.551195
8.036665138e-04,1.000000,0.552092
8.056665138e-04,1.000000,0.552987
8.076665138e-04,1.000000,0.553880
8.096665138e-04,1.000000,0.554771
8.116665138e-04,1.000000,0.555661
8.136665138e-04,1.000000,0.556548
8.156665138e-04,1.000000,0.557434
8.176665138e-04,1.000000,0.558319
8.196665138e-04,1.000000,0.559201
8.216665138e-04,1.000000,0.560082
8.236665138e-04,1.000000,0.560961
8.256665138e-04,1.000000,0.561838
8.276665138e-04,1.000000,0.562714
8.296665138e-04,1.000000,0.563587
8.316665138e-04,1.000000,0.564459
8.336665138e-04,1.000000,0.565329
8.356665138e-04,1.000000,0.566198
8.376665138e-04,1.000000,0.567065
8.396665138e-04,1.000000,0.567930
8.416665138e-04,1.000000,0.568793
8.436665138e-04,1.000000,0.569654
8.456665138e-04,1.000000,0.570514
8.476665138e-04,1.000000,0.571372
8.496665138e-04,1.000000,0.572229
8.516665138e-04,1.000000,0.573083
8.536665138e-04,1.000000,0.573936
8.556665138e-04,1.000000,0.574788
8.576665138e-04,1.000000,0.575637
8.596665138e-04,1.000000,0.576485
8.616665138e-04,1.000000,0.577331
8.636665138e-04,1.000000,0.578176
8.656665138e-04,1.000000,0.579019
8.676665138e-04,1.000000,0.579860
8.696665138e-04,1.000000,0.580699
8.716665138e-04,1.000000,0.581537
8.736665138e-04,1.000000,0.582373
8.756665138e-04,1.000000,0.583208
8.776665138e-04,1.000000,0.584040
8.796665138e-04,1.000000,0.584871
8.816665138e-04,1.000000,0.585701
8.836665138e-04,1.000000,0.586529
8.856665138e-04,1.000000,0.587355
8.876665138e-04,1.000000,0.588179
8.896665138e-04,1.000000,0.589002
8.916665138e-04,1.000000,0.589823
8.936665138e-04,1.000000,0.590643
8.956665138e-04,1.000000,0.591461
8.976665138e-04,1.000000,0.592277
8.996665138e-04,1.000000,0.593091
9.016665138e-04,1.000000,0.593904
9.036665138e-04,1.000000,0.594716
9.056665138e-04,1.000000,0.595526
9.076665138e-04,1.000000,0.596334
9.096665138e-04,1.000000,0.597140
9.116665138e-04,1.000000,0.597945
9.136665138e-04,1.000000,0.598748
9.156665138e-04,1.000000,0.599550
9.176665138e-04,1.000000,0.600350
9.196665138e-04,1.000000,0.601149
9.216665138e-04,1.000000,0.601946
9.236665138e-04,1.000000,0.602741
9.256665138e-04,1.000000,0.603535
9.276665138e-04,1.000000,0.604327
9.296665138e-04,1.000000,0.605117
9.316665138e-04,1.000000,0.605906
9.336665138e-04,1.000000,0.606694
9.356665138e-04,1.000000,0.607480
9.376665138e-04,1.000000,0.608264
9.396665138e-04,1.000000,0.609047
9.416665138e-04,1.000000,0.609828
9.436665138e-04,1.000000,0.610607
9.456665138e-04,1.000000,0.611385
9.476665138e-04,1.000000,0.612162
9.496665138e-04,1.000000,0.612937
9.516665138e-04,1.000000,0.613710
9.536665138e-04,1.000000,0.614482
9.556665138e-04,1.000000,0.615252
9.576665138e-04,1.000000,0.616021
9.596665138e-04,1.000000,0.616788
9.616665138e-04,1.000000,0.617554
9.636665138e-04,1.000000,0.618318
9.656665138e-04,1.000000,0.619080
9.676665138e-04,1.000000,0.619841
9.696665138e-04,1.000000,0.620601
9.716665138e-04,1.000000,0.621359
9.736665138e-04,1.000000,0.622116
9.756665138e-04,1.000000,0.622871
9.776665138e-04,1.000000,0.623624
9.796665138e-04,1.000000,0.624376
9.816665138e-04,1.000000,0.625127
9.836665138e-04,1.000000,0.625876
9.856665138e-04,1.000000,0.626623
9.876665138e-04,1.000000,0.627369
9.896665138e-04,1.000000,0.628114
9.916665138e-04,1.000000,0.628857
9.936665138e-04,1.000000,0.629598
9.956665138e-04,1.000000,0.630338
9.976665138e-04,1.000000,0.631077
9.996665138e-04,1.000000,0.631814
1.001666514e-03,1.000000,0.632550
1.003666514e-03,1.000000,0.633284
1.005666514e-03,1.000000,0.634016
1.007666514e-03,1.000000,0.634748
1.009666514e-03,1.000000,0.635477
1.011666514e-03,1.000000,0.636206
1.013666514e-03,1.000000,0.636933
1.015666514e-03,1.000000,0.637658
1.017666514e-03,1.000000,0.638382
1.019666514e-03,1.000000,0.639105
1.021666514e-03,1.000000,0.639826
1.023666514e-03,1.000000,0.640545
1.025666514e-03,1.000000,0.641263
1.027666514e-03,1.000000,0.641980
1.029666514e-03,1.000000,0.642695
1.031666514e-03,1.000000,0.643409
1.033666514e-03,1.000000,0.644122
1.035666514e-03,1.000000,0.644833
1.037666514e-03,1.000000,0.645543
1.039666514e-03,1.000000,0.646251
1.041666514e-03,1.000000,0.646958
1.043666514e-03,1.000000,0.647663
1.045666514e-03,1.000000,0.648367
1.047666514e-03,1.000000,0.649069
1.049666514e-03,1.000000,0.649771
1.051666514e-03,1.000000,0.650470
1.053666514e-03,1.000000,0.651169
1.055666514e-03,1.000000,0.651866
1.057666514e-03,1.000000,0.652561
1.059666514e-03,1.000000,0.653255
1.061666514e-03,1.000000,0.653948
1.063666514e-03,1.000000,0.654640
1.065666514e-03,1.000000,0.655330
1.067666514e-03,1.000000,0.656018
1.069666514e-03,1.000000,0.656706
1.071666514e-03,1.000000,0.657391
1.073666514e-03,1.000000,0.658076
1.075666514e-03,1.000000,0.658759
1.077666514e-03,1.000000,0.659441
1.079666514e-03,1.000000,0.660121
1.081666514e-03,1.000000,0.660801
1.083666514e-03,1.000000,0.661478
1.085666514e-03,1.000000,0.662155
1.087666514e-03,1.000000,0.662830
1.089666514e-03,1.000000,0.663503
1.091666514e-03,1.000000,0.664176
1.093666514e-03,1.000000,0.664847
1.095666514e-03,1.000000,0.665516
1.097666514e-03,1.000000,0.666185
1.099666514e-03,1.000000,0.666851
1.101666514e-03,1.000000,0.667517
1.103666514e-03,1.000000,0.668181
1.105666514e-03,1.000000,0.668844
1.107666514e-03,1.000000,0.669506
1.109666514e-03,1.000000,0.670166
1.111666514e-03,1.000000,0.670825
1.113666514e-03,1.000000,0.671483
1.115666514e-03,1.000000,0.672139
1.117666514e-03,1.000000,0.672795
1.119666514e-03,1.000000,0.673448
1.121666514e-03,1.000000,0.674101
1.123666514e-03,1.000000,0.674752
1.125666514e-03,1.000000,0.675402
1.127666514e-03,1.000000,0.676050
1.129666514e-03,1.000000,0.676698
1.131666514e-03,1.000000,0.677343
1.133666514e-03,1.000000,0.677988
1.135666514e-03,1.000000,0.678632
1.137666514e-03,1.000000,0.679274
1.139666514e-03,1.000000,0.679914
1.141666514e-03,1.000000,0.680554
1.143666514e-03,1.000000,0.681192
1.145666514e-03,1.000000,0.681829
1.147666514e-03,1.000000,0.682465
1.149666514e-03,1.000000,0.683099
1.151666514e-03,1.000000,0.683732
1.153666514e-03,1.000000,0.684364
1.155666514e-03,1.000000,0.684995
1.157666514e-03,1.000000,0.685624
1.159666514e-03,1.000000,0.686253
1.161666514e-03,1.000000,0.686879
1.163666514e-03,1.000000,0.687505
1.165666514e-03,1.000000,0.688129
1.167666514e-03,1.000000,0.688753
1.169666514e-03,1.000000,0.689374
1.171666514e-03,1.000000,0.689995
1.173666514e-03,1.000000,0.690614
1.175666514e-03,1.000000,0.691233
1.177666514e-03,1.000000,0.691849
1.179666514e-03,1.000000,0.692465
1.181666514e-03,1.000000,0.693080
1.183666514e-03,1.000000,0.693693
1.185666514e-03,1.000000,0.694305
1.187666514e-03,1.000000,0.694916
1.189666514e-03,1.000000,0.695525
1.191666514e-03,1.000000,0.696134
1.193666514e-03,1.000000,0.696741
1.195666514e-03,1.000000,0.697347
1.197666514e-03,1.000000,0.697951
1.199666514e-03,1.000000,0.698555
1.201666514e-03,1.000000,0.699157
1.203666514e-03,1.000000,0.699758
1.205666514e-03,1.000000,0.700358
1.207666514e-03,1.000000,0.700957
1.209666514e-03,1.000000,0.701554
1.211666514e-03,1.000000,0.702150
1.213666514e-03,1.000000,0.702746
1.215666514e-03,1.000000,0.703340
1.217666514e-03,1.000000,0.703932
1.219666514e-03,1.000000,0.704524
1.221666514e-03,1.000000,0.705114
1.223666514e-03,1.000000,0.705703
1.225666514e-03,1.000000,0.706291
1.227666514e-03,1.000000,0.706878
1.229666514e-03,1.000000,0.707464
1.231666514e-03,1.000000,0.708048
1.233666514e-03,1.000000,0.708632
1.235666514e-03,1.000000,0.709214
1.237666514e-03,1.000000,0.709795
1.239666514e-03,1.000000,0.710375
1.241666514e-03,1.000000,0.710953
1.243666514e-03,1.000000,0.711531
1.245666514e-03,1.000000,0.712107
1.247666514e-03,1.000000,0.712682
1.249666514e-03,1.000000,0.713256
1.251666514e-03,1.000000,0.713829
1.253666514e-03,1.000000,0.714401
1.255666514e-03,1.000000,0.714972
1.257666514e-03,1.000000,0.715541
1.259666514e-03,1.000000,0.716110
1.261666514e-03,1.000000,0.716677
1.263666514e-03,1.000000,0.717243
1.265666514e-03,1.000000,0.717808
1.267666514e-03,1.000000,0.718372
1.269666514e-03,1.000000,0.718934
1.271666514e-03,1.000000,0.719496
1.273666514e-03,1.000000,0.720056
1.275666514e-03,1.000000,0.720616
1.277666514e-03,1.000000,0.721174
1.279666514e-03,1.000000,0.721731
1.281666514e-03,1.000000,0.722287
1.283666514e-03,1.000000,0.722842
1.285666514e-03,1.000000,0.723396
1.287666514e-03,1.000000,0.723948
1.289666514e-03,1.000000,0.724500
1.291666514e-03,1.000000,0.725050
1.293666514e-03,1.000000,0.725600
1.295666514e-03,1.000000,0.726148
1.297666514e-03,1.000000,0.726695
1.299666514e-03,1.000000,0.727241
1.301666514e-03,1.000000,0.727786
1.303666514e-03,1.000000,0.728330
1.305666514e-03,1.000000,0.728873
1.307666514e-03,1.000000,0.729414
1.309666514e-03,1.000000,0.729955
1.311666514e-03,1.000000,0.730495
1.313666514e-03,1.000000,0.731033
1.315666514e-03,1.000000,0.731570
1.317666514e-03,1.000000,0.732107
1.319666514e-03,1.000000,0.732642
1.321666514e-03,1.000000,0.733176
1.323666514e-03,1.000000,0.733709
1.325666514e-03,1.000000,0.734241
1.327666514e-03,1.000000,0.734772
1.329666514e-03,1.000000,0.735302
1.331666514e-03,1.000000,0.735831
1.333666514e-03,1.000000,0.736359
1.335666514e-03,1.000000,0.736886
1.337666514e-03,1.000000,0.737411
1.339666514e-03,1.000000,0.737936
1.341666514e-03,1.000000,0.738460
1.343666514e-03,1.000000,0.738982
1.345666514e-03,1.000000,0.739504
1.347666514e-03,1.000000,0.740024
1.349666514e-03,1.000000,0.740544
1.351666514e-03,1.000000,0.741062
1.353666514e-03,1.000000,0.741579
1.355666514e-03,1.000000,0.742096
1.357666514e-03,1.000000,0.742611
1.359666514e-03,1.000000,0.743125
1.361666514e-03,1.000000,0.743639
1.363666514e-03,1.000000,0.744151
1.365666514e-03,1.000000,0.744662
1.367666514e-03,1.000000,0.745172
1.369666514e-03,1.000000,0.745681
1.371666514e-03,1.000000,0.746189
1.373666514e-03,1.000000,0.746697
1.375666514e-03,1.000000,0.747203
1.377666514e-03,1.000000,0.747708
1.379666514e-03,1.000000,0.748212
1.381666514e-03,1.000000,0.748715
1.383666514e-03,1.000000,0.749217
1.385666514e-03,1.000000,0.749718
1.387666514e-03,1.000000,0.750218
1.389666514e-03,1.000000,0.750717
1.391666514e-03,1.000000,0.751215
1.393666514e-03,1.000000,0.751712
1.395666514e-03,1.000000,0.752208
1.397666514e-03,1.000000,0.752703
1.399666514e-03,1.000000,0.753198
1.401666514e-03,1.000000,0.753691
1.403666514e-03,1.000000,0.754183
1.405666514e-03,1.000000,0.754674
1.407666514e-03,1.000000,0.755164
1.409666514e-03,1.000000,0.755653
1.411666514e-03,1.000000,0.756141
1.413666514e-03,1.000000,0.756629
1.415666514e-03,1.000000,0.757115
1.417666514e-03,1.000000,0.757600
1.419666514e-03,1.000000,0.758085
1.421666514e-03,1.000000,0.758568
1.423666514e-03,1.000000,0.759050
1.425666514e-03,1.000000,0.759532
1.427666514e-03,1.000000,0.760012
1.429666514e-03,1.000000,0.760492
1.431666514e-03,1.000000,0.760970
1.433666514e-03,1.000000,0.761448
1.435666514e-03,1.000000,0.761924
1.437666514e-03,1.000000,0.762400
1.439666514e-03,1.000000,0.762875
1.441666514e-03,1.000000,0.763349
1.443666514e-03,1.000000,0.763821
1.445666514e-03,1.000000,0.764293
1.447666514e-03,1.000000,0.764764
1.449666514e-03,1.000000,0.765234
1.451666514e-03,1.000000,0.765703
1.453666514e-03,1.000000,0.766171
1.455666514e-03,1.000000,0.766639
1.457666514e-03,1.000000,0.767105
1.459666514e-03,1.000000,0.767570
1.461666514e-03,1.000000,0.768035
1.463666514e-03,1.000000,0.768498
1.465666514e-03,1.000000,0.768961
1.467666514e-03,1.000000,0.769422
1.469666514e-03,1.000000,0.769883
1.471666514e-03,1.000000,0.770343
1.473666514e-03,1.000000,0.770802
1.475666514e-03,1.000000,0.771259
1.477666514e-03,1.000000,0.771717
1.479666514e-03,1.000000,0.772173
1.481666514e-03,1.000000,0.772628
1.483666514e-03,1.000000,0.773082
1.485666514e-03,1.000000,0.773535
1.487666514e-03,1.000000,0.773988
1.489666514e-03,1.000000,0.774440
1.491666514e-03,1.000000,0.774890
1.493666514e-03,1.000000,0.775340
1.495666514e-03,1.000000,0.775789
1.497666514e-03,1.000000,0.776237
1.499666514e-03,1.000000,0.776684
1.501666514e-03,1.000000,0.777130
1.503666514e-03,1.000000,0.777575
1.505666514e-03,1.000000,0.778020
1.507666514e-03,1.000000,0.778463
1.509666514e-03,1.000000,0.778906
1.511666514e-03,1.000000,0.779348
1.513666514e-03,1.000000,0.779789
1.515666514e-03,1.000000,0.780229
1.517666514e-03,1.000000,0.780668
1.519666514e-03,1.000000,0.781106
1.521666514e-03,1.000000,0.781543
1.523666514e-03,1.000000,0.781980
1.525666514e-03,1.000000,0.782415
1.527666514e-03,1.000000,0.782850
1.529666514e-03,1.000000,0.783284
1.531666514e-03,1.000000,0.783717
1.533666514e-03,1.000000,0.784149
1.535666514e-03,1.000000,0.784580
1.537666514e-03,1.000000,0.785011
1.539666514e-03,1.000000,0.785440
1.541666514e-03,1.000000,0.785869
1.543666514e-03,1.000000,0.786297
1.545666514e-03,1.000000,0.786724
1.547666514e-03,1.000000,0.787150
1.549666514e-03,1.000000,0.787575
1.551666514e-03,1.000000,0.788000
1.553666514e-03,1.000000,0.788423
1.555666514e-03,1.000000,0.788846
1.557666514e-03,1.000000,0.789268
1.559666514e-03,1.000000,0.789689
1.561666514e-03,1.000000,0.790109
1.563666514e-03,1.000000,0.790528
1.565666514e-03,1.000000,0.790947
1.567666514e-03,1.000000,0.791365
1.569666514e-03,1.000000,0.791781
1.571666514e-03,1.000000,0.792197
1.573666514e-03,1.000000,0.792613
1.575666514e-03,1.000000,0.793027
1.577666514e-03,1.000000,0.793441
1.579666514e-03,1.000000,0.793853
1.581666514e-03,1.000000,0.794265
1.583666514e-03,1.000000,0.794676
1.585666514e-03,1.000000,0.795086
1.587666514e-03,1.000000,0.795496
1.589666514e-03,1.000000,0.795904
1.591666514e-03,1.000000,0.796312
1.593666514e-03,1.000000,0.796719
1.595666514e-03,1.000000,0.797125
1.597666514e-03,1.000000,0.797531
1.599666514e-03,1.000000,0.797935
1.601666514e-03,1.000000,0.798339
1.603666514e-03,1.000000,0.798742
1.605666514e-03,1.000000,0.799144
1.607666514e-03,1.000000,0.799545
1.609666514e-03,1.000000,0.799946
1.611666514e-03,1.000000,0.800346
1.613666514e-03,1.000000,0.800744
1.615666514e-03,1.000000,0.801143
1.617666514e-03,1.000000,0.801540
1.619666514e-03,1.000000,0.801936
1.621666514e-03,1.000000,0.802332
1.623666514e-03,1.000000,0.802727
1.625666514e-03,1.000000,0.803121
1.627666514e-03,1.000000,0.803515
1.629666514e-03,1.000000,0.803907
1.631666514e-03,1.000000,0.804299
1.633666514e-03,1.000000,0.804690
1.635666514e-03,1.000000,0.805080
1.637666514e-03,1.000000,0.805470
1.639666514e-03,1.000000,0.805858
1.641666514e-03,1.000000,0.806246
1.643666514e-03,1.000000,0.806633
1.645666514e-03,1.000000,0.807020
1.647666514e-03,1.000000,0.807405
1.649666514e-03,1.000000,0.807790
1.651666514e-03,1.000000,0.808174
1.653666514e-03,1.000000,0.808557
1.655666514e-03,1.000000,0.808940
1.657666514e-03,1.000000,0.809322
1.659666514e-03,1.000000,0.809703
1.661666514e-03,1.000000,0.810083
1.663666514e-03,1.000000,0.810462
1.665666514e-03,1.000000,0.810841
1.667666514e-03,1.000000,0.811219
1.669666514e-03,1.000000,0.811596
1.671666514e-03,1.000000,0.811973
1.673666514e-03,1.000000,0.812348
1.675666514e-03,1.000000,0.812723
1.677666514e-03,1.000000,0.813097
1.679666514e-03,1.000000,0.813471
1.681666514e-03,1.000000,0.813843
1.683666514e-03,1.000000,0.814215
1.685666514e-03,1.000000,0.814587
1.687666514e-03,1.000000,0.814957
1.689666514e-03,1.000000,0.815327
1.691666514e-03,1.000000,0.815696
1.693666514e-03,1.000000,0.816064
1.695666514e-03,1.000000,0.816431
1.697666514e-03,1.000000,0.816798
1.699666514e-03,1.000000,0.817164
1.701666514e-03,1.000000,0.817530
1.703666514e-03,1.000000,0.817894
1.705666514e-03,1.000000,0.818258
1.707666514e-03,1.000000,0.818621
1.709666514e-03,1.000000,0.818983
1.711666514e-03,1.000000,0.819345
1.713666514e-03,1.000000,0.819706
1.715666514e-03,1.000000,0.820066
1.717666514e-03,1.000000,0.820426
1.719666514e-03,1.000000,0.820785
1.721666514e-03,1.000000,0.821143
1.723666514e-03,1.000000,0.821500
1.725666514e-03,1.000000,0.821857
1.727666514e-03,1.000000,0.822213
1.729666514e-03,1.000000,0.822568
1.731666514e-03,1.000000,0.822922
1.733666514e-03,1.000000,0.823276
1.735666514e-03,1.000000,0.823629
1.737666514e-03,1.000000,0.823982
1.739666514e-03,1.000000,0.824333
1.741666514e-03,1.000000,0.824684
1.743666514e-03,1.000000,0.825035
1.745666514e-03,1.000000,0.825384
1.747666514e-03,1.000000,0.825733
1.749666514e-03,1.000000,0.826081
1.751666514e-03,1.000000,0.826429
1.753666514e-03,1.000000,0.826776
1.755666514e-03,1.000000,0.827122
1.757666514e-03,1.000000,0.827467
1.759666514e-03,1.000000,0.827812
1.761666514e-03,1.000000,0.828156
1.763666514e-03,1.000000,0.828499
1.765666514e-03,1.000000,0.828842
1.767666514e-03,1.000000,0.829184
1.769666514e-03,1.000000,0.829525
1.771666514e-03,1.000000,0.829866
1.773666514e-03,1.000000,0.830206
1.775666514e-03,1.000000,0.830545
1.777666514e-03,1.000000,0.830883
1.779666514e-03,1.000000,0.831221
1.781666514e-03,1.000000,0.831559
1.783666514e-03,1.000000,0.831895
1.785666514e-03,1.000000,0.832231
1.787666514e-03,1.000000,0.832566
1.789666514e-03,1.000000,0.832901
1.791666514e-03,1.000000,0.833235
1.793666514e-03,1.000000,0.833568
1.795666514e-03,1.000000,0.833900
1.797666514e-03,1.000000,0.834232
1.799666514e-03,1.000000,0.834563
1.801666514e-03,1.000000,0.834894
1.803666514e-03,1.000000,0.835224
1.805666514e-03,1.000000,0.835553
1.807666514e-03,1.000000,0.835882
1.809666514e-03,1.000000,0.836210
1.811666514e-03,1.000000,0.836537
1.813666514e-03,1.000000,0.836863
1.815666514e-03,1.000000,0.837189
1.817666514e-03,1.000000,0.837515
1.819666514e-03,1.000000,0.837839
1.821666514e-03,1.000000,0.838163
1.823666514e-03,1.000000,0.838487
1.825666514e-03,1.000000,0.838809
1.827666514e-03,1.000000,0.839131
1.829666514e-03,1.000000,0.839453
1.831666514e-03,1.000000,0.839774
1.833666514e-03,1.000000,0.840094
1.835666514e-03,1.000000,0.840413
1.837666514e-03,1.000000,0.840732
1.839666514e-03,1.000000,0.841050
1.841666514e-03,1.000000,0.841368
1.843666514e-03,1.000000,0.841685
1.845666514e-03,1.000000,0.842001
1.847666514e-03,1.000000,0.842317
1.849666514e-03,1.000000,0.842632
1.851666514e-03,1.000000,0.842946
1.853666514e-03,1.000000,0.843260
1.855666514e-03,1.000000,0.843573
1.857666514e-03,1.000000,0.843886
1.859666514e-03,1.000000,0.844198
1.861666514e-03,1.000000,0.844509
1.863666514e-03,1.000000,0.844820
1.865666514e-03,1.000000,0.845130
1.867666514e-03,1.000000,0.845439
1.869666514e-03,1.000000,0.845748
1.871666514e-03,1.000000,0.846056
1.873666514e-03,1.000000,0.846364
1.875666514e-03,1.000000,0.846671
1.877666514e-03,1.000000,0.846977
1.879666514e-03,1.000000,0.847283
1.881666514e-03,1.000000,0.847588
1.883666514e-03,1.000000,0.847892
1.885666514e-03,1.000000,0.848196
1.887666514e-03,1.000000,0.848500
1.889666514e-03,1.000000,0.848802
1.891666514e-03,1.000000,0.849104
1.893666514e-03,1.000000,0.849406
1.895666514e-03,1.000000,0.849707
1.897666514e-03,1.000000,0.850007
1.899666514e-03,1.000000,0.850307
1.901666514e-03,1.000000,0.850606
1.903666514e-03,1.000000,0.850904
1.905666514e-03,1.000000,0.851202
1.907666514e-03,1.000000,0.851500
1.909666514e-03,1.000000,0.851796
1.911666514e-03,1.000000,0.852092
1.913666514e-03,1.000000,0.852388
1.915666514e-03,1.000000,0.852683
1.917666514e-03,1.000000,0.852977
1.919666514e-03,1.000000,0.853271
1.921666514e-03,1.000000,0.853564
1.923666514e-03,1.000000,0.853857
1.925666514e-03,1.000000,0.854149
1.927666514e-03,1.000000,0.854440
1.929666514e-03,1.000000,0.854731
1.931666514e-03,1.000000,0.855021
1.933666514e-03,1.000000,0.855311
1.935666514e-03,1.000000,0.855600
1.937666514e-03,1.000000,0.855888
1.939666514e-03,1.000000,0.856176
1.941666514e-03,1.000000,0.856464
1.943666514e-03,1.000000,0.856750
1.945666514e-03,1.000000,0.857037
1.947666514e-03,1.000000,0.857322
1.949666514e-03,1.000000,0.857607
1.951666514e-03,1.000000,0.857892
1.953666514e-03,1.000000,0.858176
1.955666514e-03,1.000000,0.858459
1.957666514e-03,1.000000,0.858742
1.959666514e-03,1.000000,0.859024
1.961666514e-03,1.000000,0.859306
1.963666514e-03,1.000000,0.859587
1.965666514e-03,1.000000,0.859868
1.967666514e-03,1.000000,0.860148
1.969666514e-03,1.000000,0.860427
1.971666514e-03,1.000000,0.860706
1.973666514e-03,1.000000,0.860984
1.975666514e-03,1.000000,0.861262
1.977666514e-03,1.000000,0.861539
1.979666514e-03,1.000000,0.861816
1.981666514e-03,1.000000,0.862092
1.983666514e-03,1.000000,0.862367
1.985666514e-03,1.000000,0.862642
1.987666514e-03,1.000000,0.862917
1.989666514e-03,1.000000,0.863191
1.991666514e-03,1.000000,0.863464
1.993666514e-03,1.000000,0.863737
1.995666514e-03,1.000000,0.864009
1.997666514e-03,1.000000,0.864281
1.999666514e-03,1.000000,0.864552
2.001666514e-03,1.000000,0.864823
2.003666514e-03,1.000000,0.865093
2.005666514e-03,1.000000,0.865362
2.007666514e-03,1.000000,0.865631
2.009666514e-03,1.000000,0.865900
2.011666514e-03,1.000000,0.866168
2.013666514e-03,1.000000,0.866435
2.015666514e-03,1.000000,0.866702
2.017666514e-03,1.000000,0.866968
2.019666514e-03,1.000000,0.867234
2.021666514e-03,1.000000,0.867499
2.023666514e-03,1.000000,0.867764
2.025666514e-03,1.000000,0.868028
2.027666514e-03,1.000000,0.868292
2.029666514e-03,1.000000,0.868555
2.031666514e-03,1.000000,0.868818
2.033666514e-03,1.000000,0.869080
2.035666514e-03,1.000000,0.869341
2.037666514e-03,1.000000,0.869602
2.039666514e-03,1.000000,0.869863
2.041666514e-03,1.000000,0.870123
2.043666514e-03,1.000000,0.870382
2.045666514e-03,1.000000,0.870641
2.047666514e-03,1.000000,0.870900
2.049666514e-03,1.000000,0.871158
2.051666514e-03,1.000000,0.871415
2.053666514e-03,1.000000,0.871672
2.055666514e-03,1.000000,0.871929
2.057666514e-03,1.000000,0.872184
2.059666514e-03,1.000000,0.872440
2.061666514e-03,1.000000,0.872695
2.063666514e-03,1.000000,0.872949
2.065666514e-03,1.000000,0.873203
2.067666514e-03,1.000000,0.873456
2.069666514e-03,1.000000,0.873709
2.071666514e-03,1.000000,0.873961
2.073666514e-03,1.000000,0.874213
2.075666514e-03,1.000000,0.874465
2.077666514e-03,1.000000,0.874715
2.079666514e-03,1.000000,0.874966
2.081666514e-03,1.000000,0.875216
2.083666514e-03,1.000000,0.875465
2.085666514e-03,1.000000,0.875714
2.087666514e-03,1.000000,0.875962
2.089666514e-03,1.000000,0.876210
2.091666514e-03,1.000000,0.876457
2.093666514e-03,1.000000,0.876704
2.095666514e-03,1.000000,0.876950
2.097666514e-03,1.000000,0.877196
2.099666514e-03,1.000000,0.877442
2.101666514e-03,1.000000,0.877686
2.103666514e-03,1.000000,0.877931
2.105666514e-03,1.000000,0.878175
2.107666514e-03,1.000000,0.878418
2.109666514e-03,1.000000,0.878661
2.111666514e-03,1.000000,0.878903
2.113666514e-03,1.000000,0.879145
2.115666514e-03,1.000000,0.879387
2.117666514e-03,1.000000,0.879628
2.119666514e-03,1.000000,0.879868
2.121666514e-03,1.000000,0.880108
2.123666514e-03,1.000000,0.880348
2.125666514e-03,1.000000,0.880587
2.127666514e-03,1.000000,0.880826
2.129666514e-03,1.000000,0.881064
2.131666514e-03,1.000000,0.881301
2.133666514e-03,1.000000,0.881538
2.135666514e-03,1.000000,0.881775
2.137666514e-03,1.000000,0.882011
2.139666514e-03,1.000000,0.882247
2.141666514e-03,1.000000,0.882482
2.143666514e-03,1.000000,0.882717
2.145666514e-03,1.000000,0.882952
2.147666514e-03,1.000000,0.883185
2.149666514e-03,1.000000,0.883419
2.151666514e-03,1.000000,0.883652
2.153666514e-03,1.000000,0.883884
2.155666514e-03,1.000000,0.884116
2.157666514e-03,1.000000,0.884348
2.159666514e-03,1.000000,0.884579
2.161666514e-03,1.000000,0.884809
2.163666514e-03,1.000000,0.885040
2.165666514e-03,1.000000,0.885269
2.167666514e-03,1.000000,0.885498
2.169666514e-03,1.000000,0.885727
2.171666514e-03,1.000000,0.885956
2.173666514e-03,1.000000,0.886183
2.175666514e-03,1.000000,0.886411
2.177666514e-03,1.000000,0.886638
2.179666514e-03,1.000000,0.886864
2.181666514e-03,1.000000,0.887090
2.183666514e-03,1.000000,0.887316
2.185666514e-03,1.000000,0.887541
2.187666514e-03,1.000000,0.887766
2.189666514e-03,1.000000,0.887990
2.191666514e-03,1.000000,0.888214
2.193666514e-03,1.000000,0.888437
2.195666514e-03,1.000000,0.888660
2.197666514e-03,1.000000,0.888883
2.199666514e-03,1.000000,0.889105
2.201666514e-03,1.000000,0.889326
2.203666514e-03,1.000000,0.889547
2.205666514e-03,1.000000,0.889768
2.207666514e-03,1.000000,0.889988
2.209666514e-03,1.000000,0.890208
2.211666514e-03,1.000000,0.890427
2.213666514e-03,1.000000,0.890646
2.215666514e-03,1.000000,0.890865
2.217666514e-03,1.000000,0.891083
2.219666514e-03,1.000000,0.891300
2.221666514e-03,1.000000,0.891518
2.223666514e-03,1.000000,0.891734
2.225666514e-03,1.000000,0.891951
2.227666514e-03,1.000000,0.892167
2.229666514e-03,1.000000,0.892382
2.231666514e-03,1.000000,0.892597
2.233666514e-03,1.000000,0.892812
2.235666514e-03,1.000000,0.893026
2.237666514e-03,1.000000,0.893239
2.239666514e-03,1.000000,0.893453
2.241666514e-03,1.000000,0.893666
2.243666514e-03,1.000000,0.893878
2.245666514e-03,1.000000,0.894090
2.247666514e-03,1.000000,0.894302
2.249666514e-03,1.000000,0.894513
2.251666514e-03,1.000000,0.894724
2.253666514e-03,1.000000,0.894934
2.255666514e-03,1.000000,0.895144
2.257666514e-03,1.000000,0.895353
2.259666514e-03,1.000000,0.895563
2.261666514e-03,1.000000,0.895771
2.263666514e-03,1.000000,0.895979
2.265666514e-03,1.000000,0.896187
2.267666514e-03,1.000000,0.896395
2.269666514e-03,1.000000,0.896602
2.271666514e-03,1.000000,0.896808
2.273666514e-03,1.000000,0.897015
2.275666514e-03,1.000000,0.897220
2.277666514e-03,1.000000,0.897426
2.279666514e-03,1.000000,0.897631
2.281666514e-03,1.000000,0.897835
2.283666514e-03,1.000000,0.898039
2.285666514e-03,1.000000,0.898243
2.287666514e-03,1.000000,0.898446
2.289666514e-03,1.000000,0.898649
2.291666514e-03,1.000000,0.898852
2.293666514e-03,1.000000,0.899054
2.295666514e-03,1.000000,0.899255
2.297666514e-03,1.000000,0.899457
2.299666514e-03,1.000000,0.899658
2.301666514e-03,1.000000,0.899858
2.303666514e-03,1.000000,0.900058
2.305666514e-03,1.000000,0.900258
2.307666514e-03,1.000000,0.900457
2.309666514e-03,1.000000,0.900656
2.311666514e-03,1.000000,0.900855
2.313666514e-03,1.000000,0.901053
2.315666514e-03,1.000000,0.901250
2.317666514e-03,1.000000,0.901448
2.319666514e-03,1.000000,0.901645
2.321666514e-03,1.000000,0.901841
2.323666514e-03,1.000000,0.902037
2.325666514e-03,1.000000,0.902233
2.327666514e-03,1.000000,0.902428
2.329666514e-03,1.000000,0.902623
2.331666514e-03,1.000000,0.902818
2.333666514e-03,1.000000,0.903012
2.335666514e-03,1.000000,0.903206
2.337666514e-03,1.000000,0.903399
2.339666514e-03,1.000000,0.903592
2.341666514e-03,1.000000,0.903785
2.343666514e-03,1.000000,0.903977
2.345666514e-03,1.000000,0.904169
2.347666514e-03,1.000000,0.904360
2.349666514e-03,1.000000,0.904551
2.351666514e-03,1.000000,0.904742
2.353666514e-03,1.000000,0.904932
2.355666514e-03,1.000000,0.905122
2.357666514e-03,1.000000,0.905312
2.359666514e-03,1.000000,0.905501
2.361666514e-03,1.000000,0.905690
2.363666514e-03,1.000000,0.905878
2.365666514e-03,1.000000,0.906066
2.367666514e-03,1.000000,0.906254
2.369666514e-03,1.000000,0.906441
2.371666514e-03,1.000000,0.906628
2.373666514e-03,1.000000,0.906815
2.375666514e-03,1.000000,0.907001
2.377666514e-03,1.000000,0.907187
2.379666514e-03,1.000000,0.907372
2.381666514e-03,1.000000,0.907557
2.383666514e-03,1.000000,0.907742
2.385666514e-03,1.000000,0.907926
2.387666514e-03,1.000000,0.908110
2.389666514e-03,1.000000,0.908294
2.391666514e-03,1.000000,0.908477
2.393666514e-03,1.000000,0.908660
2.395666514e-03,1.000000,0.908843
2.397666514e-03,1.000000,0.909025
2.399666514e-03,1.000000,0.909206
2.401666514e-03,1.000000,0.909388
2.403666514e-03,1.000000,0.909569
2.405666514e-03,1.000000,0.909750
2.407666514e-03,1.000000,0.909930
2.409666514e-03,1.000000,0.910110
2.411666514e-03,1.000000,0.910289
2.413666514e-03,1.000000,0.910469
2.415666514e-03,1.000000,0.910648
2.417666514e-03,1.000000,0.910826
2.419666514e-03,1.000000,0.911004
2.421666514e-03,1.000000,0.911182
2.423666514e-03,1.000000,0.911360
2.425666514e-03,1.000000,0.911537
2.427666514e-03,1.000000,0.911713
2.429666514e-03,1.000000,0.911890
2.431666514e-03,1.000000,0.912066
2.433666514e-03,1.000000,0.912242
2.435666514e-03,1.000000,0.912417
2.437666514e-03,1.000000,0.912592
2.439666514e-03,1.000000,0.912767
2.441666514e-03,1.000000,0.912941
2.443666514e-03,1.000000,0.913115
2.445666514e-03,1.000000,0.913288
2.447666514e-03,1.000000,0.913462
2.449666514e-03,1.000000,0.913635
2.451666514e-03,1.000000,0.913807
2.453666514e-03,1.000000,0.913979
2.455666514e-03,1.000000,0.914151
2.457666514e-03,1.000000,0.914323
2.459666514e-03,1.000000,0.914494
2.461666514e-03,1.000000,0.914665
2.463666514e-03,1.000000,0.914835
2.465666514e-03,1.000000,0.915005
2.467666514e-03,1.000000,0.915175
2.469666514e-03,1.000000,0.915345
2.471666514e-03,1.000000,0.915514
2.473666514e-03,1.000000,0.915683
2.475666514e-03,1.000000,0.915851
2.477666514e-03,1.000000,0.916019
2.479666514e-03,1.000000,0.916187
2.481666514e-03,1.000000,0.916354
2.483666514e-03,1.000000,0.916522
2.485666514e-03,1.000000,0.916688
2.487666514e-03,1.000000,0.916855
2.489666514e-03,1.000000,0.917021
2.491666514e-03,1.000000,0.917187
2.493666514e-03,1.000000,0.917352
2.495666514e-03,1.000000,0.917517
2.497666514e-03,1.000000,0.917682
2.499666514e-03,1.000000,0.917847
2.501000000e-03,1.000000,0.917956
2.501100000e-03,0.900000,0.917954
2.501300000e-03,0.700000,0.917931
2.501700000e-03,0.300000,0.917764
2.502000000e-03,0.000000,0.917533
2.502080000e-03,0.000000,0.917460
2.502240000e-03,0.000000,0.917313
2.502560000e-03,0.000000,0.917020
2.503200000e-03,0.000000,0.916433
2.504480000e-03,0.000000,0.915261
2.506480000e-03,0.000000,0.913432
2.508480000e-03,0.000000,0.911607
2.510480000e-03,0.000000,0.909786
2.512480000e-03,0.000000,0.907968
2.514480000e-03,0.000000,0.906154
2.516480000e-03,0.000000,0.904343
2.518480000e-03,0.000000,0.902536
2.520480000e-03,0.000000,0.900733
2.522480000e-03,0.000000,0.898933
2.524480000e-03,0.000000,0.897137
2.526480000e-03,0.000000,0.895345
2.528480000e-03,0.000000,0.893556
2.530480000e-03,0.000000,0.891771
2.532480000e-03,0.000000,0.889989
2.534480000e-03,0.000000,0.888211
2.536480000e-03,0.000000,0.886436
2.538480000e-03,0.000000,0.884665
2.540480000e-03,0.000000,0.882897
2.542480000e-03,0.000000,0.881133
2.544480000e-03,0.000000,0.879373
2.546480000e-03,0.000000,0.877616
2.548480000e-03,0.000000,0.875862
2.550480000e-03,0.000000,0.874112
2.552480000e-03,0.000000,0.872366
2.554480000e-03,0.000000,0.870623
2.556480000e-03,0.000000,0.868883
2.558480000e-03,0.000000,0.867147
2.560480000e-03,0.000000,0.865415
2.562480000e-03,0.000000,0.863686
2.564480000e-03,0.000000,0.861960
2.566480000e-03,0.000000,0.860238
2.568480000e-03,0.000000,0.858519
2.570480000e-03,0.000000,0.856804
2.572480000e-03,0.000000,0.855092
2.574480000e-03,0.000000,0.853383
2.576480000e-03,0.000000,0.851678
2.578480000e-03,0.000000,0.849977
2.580480000e-03,0.000000,0.848278
2.582480000e-03,0.000000,0.846583
2.584480000e-03,0.000000,0.844892
2.586480000e-03,0.000000,0.843204
2.588480000e-03,0.000000,0.841519
2.590480000e-03,0.000000,0.839838
2.592480000e-03,0.000000,0.838160
2.594480000e-03,0.000000,0.836485
2.596480000e-03,0.000000,0.834814
2.598480000e-03,0.000000,0.833146
2.600480000e-03,0.000000,0.831481
2.602480000e-03,0.000000,0.829820
2.604480000e-03,0.000000,0.828162
2.606480000e-03,0.000000,0.826507
2.608480000e-03,0.000000,0.824856
2.610480000e-03,0.000000,0.823208
2.612480000e-03,0.000000,0.821563
2.614480000e-03,0.000000,0.819922
2.616480000e-03,0.000000,0.818283
2.618480000e-03,0.000000,0.816649
2.620480000e-03,0.000000,0.815017
2.622480000e-03,0.000000,0.813388
2.624480000e-03,0.000000,0.811763
2.626480000e-03,0.000000,0.810141
2.628480000e-03,0.000000,0.808523
2.630480000e-03,0.000000,0.806907
2.632480000e-03,0.000000,0.805295
2.634480000e-03,0.000000,0.803686
2.636480000e-03,0.000000,0.802080
2.638480000e-03,0.000000,0.800478
2.640480000e-03,0.000000,0.798878
2.642480000e-03,0.000000,0.797282
2.644480000e-03,0.000000,0.795689
2.646480000e-03,0.000000,0.794100
2.648480000e-03,0.000000,0.792513
2.650480000e-03,0.000000,0.790929
2.652480000e-03,0.000000,0.789349
2.654480000e-03,0.000000,0.787772
2.656480000e-03,0.000000,0.786198
2.658480000e-03,0.000000,0.784627
2.660480000e-03,0.000000,0.783060
2.662480000e-03,0.000000,0.781495
2.664480000e-03,0.000000,0.779934
2.666480000e-03,0.000000,0.778375
2.668480000e-03,0.000000,0.776820
2.670480000e-03,0.000000,0.775268
2.672480000e-03,0.000000,0.773719
2.674480000e-03,0.000000,0.772173
2.676480000e-03,0.000000,0.770630
2.678480000e-03,0.000000,0.769091
2.680480000e-03,0.000000,0.767554
2.682480000e-03,0.000000,0.766020
2.684480000e-03,0.000000,0.764490
2.686480000e-03,0.000000,0.762962
2.688480000e-03,0.000000,0.761438
2.690480000e-03,0.000000,0.759917
2.692480000e-03,0.000000,0.758398
2.694480000e-03,0.000000,0.756883
2.696480000e-03,0.000000,0.755371
2.698480000e-03,0.000000,0.753862
2.700480000e-03,0.000000,0.752355
2.702480000e-03,0.000000,0.750852
2.704480000e-03,0.000000,0.749352
2.706480000e-03,0.000000,0.747855
2.708480000e-03,0.000000,0.746361
2.710480000e-03,0.000000,0.744869
2.712480000e-03,0.000000,0.743381
2.714480000e-03,0.000000,0.741896
2.716480000e-03,0.000000,0.740413
2.718480000e-03,0.000000,0.738934
2.720480000e-03,0.000000,0.737458
2.722480000e-03,0.000000,0.735984
2.724480000e-03,0.000000,0.734514
2.726480000e-03,0.000000,0.733046
2.728480000e-03,0.000000,0.731582
2.730480000e-03,0.000000,0.730120
2.732480000e-03,0.000000,0.728661
2.734480000e-03,0.000000,0.727205
2.736480000e-03,0.000000,0.725752
2.738480000e-03,0.000000,0.724302
2.740480000e-03,0.000000,0.722855
2.742480000e-03,0.000000,0.721411
2.744480000e-03,0.000000,0.719969
2.746480000e-03,0.000000,0.718531
2.748480000e-03,0.000000,0.717095
2.750480000e-03,0.000000,0.715663
2.752480000e-03,0.000000,0.714233
2.754480000e-03,0.000000,0.712806
2.756480000e-03,0.000000,0.711381
2.758480000e-03,0.000000,0.709960
2.760480000e-03,0.000000,0.708542
2.762480000e-03,0.000000,0.707126
2.764480000e-03,0.000000,0.705713
2.766480000e-03,0.000000,0.704303
2.768480000e-03,0.000000,0.702896
2.770480000e-03,0.000000,0.701491
2.772480000e-03,0.000000,0.700090
2.774480000e-03,0.000000,0.698691
2.776480000e-03,0.000000,0.697295
2.778480000e-03,0.000000,0.695902
2.780480000e-03,0.000000,0.694512
2.782480000e-03,0.000000,0.693124
2.784480000e-03,0.000000,0.691739
2.786480000e-03,0.000000,0.690357
2.788480000e-03,0.000000,0.688978
2.790480000e-03,0.000000,0.687601
2.792480000e-03,0.000000,0.686227
2.794480000e-03,0.000000,0.684856
2.796480000e-03,0.000000,0.683488
2.798480000e-03,0.000000,0.682122
2.800480000e-03,0.000000,0.680759
2.802480000e-03,0.000000,0.679399
2.804480000e-03,0.000000,0.678042
2.806480000e-03,0.000000,0.676687
2.808480000e-03,0.000000,0.675335
2.810480000e-03,0.000000,0.673986
2.812480000e-03,0.000000,0.672639
2.814480000e-03,0.000000,0.671295
2.816480000e-03,0.000000,0.669954
2.818480000e-03,0.000000,0.668615
2.820480000e-03,0.000000,0.667279
2.822480000e-03,0.000000,0.665946
2.824480000e-03,0.000000,0.664616
2.826480000e-03,0.000000,0.663288
2.828480000e-03,0.000000,0.661962
2.830480000e-03,0.000000,0.660640
2.832480000e-03,0.000000,0.659320
2.834480000e-03,0.000000,0.658003
2.836480000e-03,0.000000,0.656688
2.838480000e-03,0.000000,0.655376
2.840480000e-03,0.000000,0.654066
2.842480000e-03,0.000000,0.652759
2.844480000e-03,0.000000,0.651455
2.846480000e-03,0.000000,0.650154
2.848480000e-03,0.000000,0.648855
2.850480000e-03,0.000000,0.647558
2.852480000e-03,0.000000,0.646264
2.854480000e-03,0.000000,0.644973
2.856480000e-03,0.000000,0.643685
2.858480000e-03,0.000000,0.642398
2.860480000e-03,0.000000,0.641115
2.862480000e-03,0.000000,0.639834
2.864480000e-03,0.000000,0.638556
2.866480000e-03,0.000000,0.637280
2.868480000e-03,0.000000,0.636006
2.870480000e-03,0.000000,0.634736
2.872480000e-03,0.000000,0.633468
2.874480000e-03,0.000000,0.632202
2.876480000e-03,0.000000,0.630939
2.878480000e-03,0.000000,0.629678
2.880480000e-03,0.000000,0.628420
2.882480000e-03,0.000000,0.627164
2.884480000e-03,0.000000,0.625911
2.886480000e-03,0.000000,0.624661
2.888480000e-03,0.000000,0.623413
2.890480000e-03,0.000000,0.622167
2.892480000e-03,0.000000,0.620924
2.894480000e-03,0.000000,0.619683
2.896480000e-03,0.000000,0.618445
2.898480000e-03,0.000000,0.617210
2.900480000e-03,0.000000,0.615976
2.902480000e-03,0.000000,0.614746
2.904480000e-03,0.000000,0.613517
2.906480000e-03,0.000000,0.612292
2.908480000e-03,0.000000,0.611068
2.910480000e-03,0.000000,0.609847
2.912480000e-03,0.000000,0.608629
2.914480000e-03,0.000000,0.607413
2.916480000e-03,0.000000,0.606199
2.918480000e-03,0.000000,0.604988
2.920480000e-03,0.000000,0.603779
2.922480000e-03,0.000000,0.602573
2.924480000e-03,0.000000,0.601369
2.926480000e-03,0.000000,0.600167
2.928480000e-03,0.000000,0.598968
2.930480000e-03,0.000000,0.597772
2.932480000e-03,0.000000,0.596577
2.934480000e-03,0.000000,0.595385
2.936480000e-03,0.000000,0.594196
2.938480000e-03,0.000000,0.593008
2.940480000e-03,0.000000,0.591824
2.942480000e-03,0.000000,0.590641
2.944480000e-03,0.000000,0.589461
2.946480000e-03,0.000000,0.588283
2.948480000e-03,0.000000,0.587108
2.950480000e-03,0.000000,0.585935
2.952480000e-03,0.000000,0.584764
2.954480000e-03,0.000000,0.583596
2.956480000e-03,0.000000,0.582430
2.958480000e-03,0.000000,0.581266
2.960480000e-03,0.000000,0.580105
2.962480000e-03,0.000000,0.578946
2.964480000e-03,0.000000,0.577789
2.966480000e-03,0.000000,0.576635
2.968480000e-03,0.000000,0.575482
2.970480000e-03,0.000000,0.574333
2.972480000e-03,0.000000,0.573185
2.974480000e-03,0.000000,0.572040
2.976480000e-03,0.000000,0.570897
2.978480000e-03,0.000000,0.569756
2.980480000e-03,0.000000,0.568618
2.982480000e-03,0.000000,0.567482
2.984480000e-03,0.000000,0.566348
2.986480000e-03,0.000000,0.565216
2.988480000e-03,0.000000,0.564087
2.990480000e-03,0.000000,0.562960
2.992480000e-03,0.000000,0.561835
2.994480000e-03,0.000000,0.560713
2.996480000e-03,0.000000,0.559592
2.998480000e-03,0.000000,0.558474
3.000480000e-03,0.000000,0.557359
3.002480000e-03,0.000000,0.556245
3.004480000e-03,0.000000,0.555134
3.006480000e-03,0.000000,0.554024
3.008480000e-03,0.000000,0.552917
3.010480000e-03,0.000000,0.551813
3.012480000e-03,0.000000,0.550710
3.014480000e-03,0.000000,0.549610
3.016480000e-03,0.000000,0.548512
3.018480000e-03,0.000000,0.547416
3.020480000e-03,0.000000,0.546322
3.022480000e-03,0.000000,0.545231
3.024480000e-03,0.000000,0.544141
3.026480000e-03,0.000000,0.543054
3.028480000e-03,0.000000,0.541969
3.030480000e-03,0.000000,0.540886
3.032480000e-03,0.000000,0.539805
3.034480000e-03,0.000000,0.538727
3.036480000e-03,0.000000,0.537650
3.038480000e-03,0.000000,0.536576
3.040480000e-03,0.000000,0.535504
3.042480000e-03,0.000000,0.534434
3.044480000e-03,0.000000,0.533366
3.046480000e-03,0.000000,0.532301
3.048480000e-03,0.000000,0.531237
3.050480000e-03,0.000000,0.530176
3.052480000e-03,0.000000,0.529117
3.054480000e-03,0.000000,0.528059
3.056480000e-03,0.000000,0.527004
3.058480000e-03,0.000000,0.525951
3.060480000e-03,0.000000,0.524900
3.062480000e-03,0.000000,0.523852
3.064480000e-03,0.000000,0.522805
3.066480000e-03,0.000000,0.521761
3.068480000e-03,0.000000,0.520718
3.070480000e-03,0.000000,0.519678
3.072480000e-03,0.000000,0.518639
3.074480000e-03,0.000000,0.517603
3.076480000e-03,0.000000,0.516569
3.078480000e-03,0.000000,0.515537
3.080480000e-03,0.000000,0.514507
3.082480000e-03,0.000000,0.513479
3.084480000e-03,0.000000,0.512453
3.086480000e-03,0.000000,0.511429
3.088480000e-03,0.000000,0.510407
3.090480000e-03,0.000000,0.509387
3.092480000e-03,0.000000,0.508370
3.094480000e-03,0.000000,0.507354
3.096480000e-03,0.000000,0.506340
3.098480000e-03,0.000000,0.505328
3.100480000e-03,0.000000,0.504319
3.102480000e-03,0.000000,0.503311
3.104480000e-03,0.000000,0.502306
3.106480000e-03,0.000000,0.501302
3.108480000e-03,0.000000,0.500300
3.110480000e-03,0.000000,0.499301
3.112480000e-03,0.000000,0.498303
3.114480000e-03,0.000000,0.497308
3.116480000e-03,0.000000,0.496314
3.118480000e-03,0.000000,0.495322
3.120480000e-03,0.000000,0.494333
3.122480000e-03,0.000000,0.493345
3.124480000e-03,0.000000,0.492359
3.126480000e-03,0.000000,0.491376
3.128480000e-03,0.000000,0.490394
3.130480000e-03,0.000000,0.489414
3.132480000e-03,0.000000,0.488436
3.134480000e-03,0.000000,0.487460
3.136480000e-03,0.000000,0.486486
3.138480000e-03,0.000000,0.485514
3.140480000e-03,0.000000,0.484544
3.142480000e-03,0.000000,0.483576
3.144480000e-03,0.000000,0.482610
3.146480000e-03,0.000000,0.481646
3.148480000e-03,0.000000,0.480683
3.150480000e-03,0.000000,0.479723
3.152480000e-03,0.000000,0.478764
3.154480000e-03,0.000000,0.477808
3.156480000e-03,0.000000,0.476853
3.158480000e-03,0.000000,0.475900
3.160480000e-03,0.000000,0.474950
3.162480000e-03,0.000000,0.474001
3.164480000e-03,0.000000,0.473054
3.166480000e-03,0.000000,0.472108
3.168480000e-03,0.000000,0.471165
3.170480000e-03,0.000000,0.470224
3.172480000e-03,0.000000,0.469284
3.174480000e-03,0.000000,0.468347
3.176480000e-03,0.000000,0.467411
3.178480000e-03,0.000000,0.466477
3.180480000e-03,0.000000,0.465545
3.182480000e-03,0.000000,0.464615
3.184480000e-03,0.000000,0.463686
3.186480000e-03,0.000000,0.462760
3.188480000e-03,0.000000,0.461835
3.190480000e-03,0.000000,0.460913
3.192480000e-03,0.000000,0.459992
3.194480000e-03,0.000000,0.459073
3.196480000e-03,0.000000,0.458155
3.198480000e-03,0.000000,0.457240
3.200480000e-03,0.000000,0.456327
3.202480000e-03,0.000000,0.455415
3.204480000e-03,0.000000,0.454505
3.206480000e-03,0.000000,0.453597
3.208480000e-03,0.000000,0.452690
3.210480000e-03,0.000000,0.451786
3.212480000e-03,0.000000,0.450883
3.214480000e-03,0.000000,0.449982
3.216480000e-03,0.000000,0.449083
3.218480000e-03,0.000000,0.448186
3.220480000e-03,0.000000,0.447291
3.222480000e-03,0.000000,0.446397
3.224480000e-03,0.000000,0.445505
3.226480000e-03,0.000000,0.444615
3.228480000e-03,0.000000,0.443727
3.230480000e-03,0.000000,0.442840
3.232480000e-03,0.000000,0.441955
3.234480000e-03,0.000000,0.441072
3.236480000e-03,0.000000,0.440191
3.238480000e-03,0.000000,0.439311
3.240480000e-03,0.000000,0.438434
3.242480000e-03,0.000000,0.437558
3.244480000e-03,0.000000,0.436683
3.246480000e-03,0.000000,0.435811
3.248480000e-03,0.000000,0.434940
3.250480000e-03,0.000000,0.434071
3.252480000e-03,0.000000,0.433204
3.254480000e-03,0.000000,0.432338
3.256480000e-03,0.000000,0.431475
3.258480000e-03,0.000000,0.430612
3.260480000e-03,0.000000,0.429752
3.262480000e-03,0.000000,0.428893
3.264480000e-03,0.000000,0.428037
3.266480000e-03,0.000000,0.427181
3.268480000e-03,0.000000,0.426328
3.270480000e-03,0.000000,0.425476
3.272480000e-03,0.000000,0.424626
3.274480000e-03,0.000000,0.423778
3.276480000e-03,0.000000,0.422931
3.278480000e-03,0.000000,0.422086
3.280480000e-03,0.000000,0.421242
3.282480000e-03,0.000000,0.420401
3.284480000e-03,0.000000,0.419561
3.286480000e-03,0.000000,0.418723
3.288480000e-03,0.000000,0.417886
3.290480000e-03,0.000000,0.417051
3.292480000e-03,0.000000,0.416218
3.294480000e-03,0.000000,0.415386
3.296480000e-03,0.000000,0.414556
3.298480000e-03,0.000000,0.413728
3.300480000e-03,0.000000,0.412901
3.302480000e-03,0.000000,0.412076
3.304480000e-03,0.000000,0.411253
3.306480000e-03,0.000000,0.410431
3.308480000e-03,0.000000,0.409611
3.310480000e-03,0.000000,0.408793
3.312480000e-03,0.000000,0.407976
3.314480000e-03,0.000000,0.407161
3.316480000e-03,0.000000,0.406347
3.318480000e-03,0.000000,0.405536
3.320480000e-03,0.000000,0.404725
3.322480000e-03,0.000000,0.403917
3.324480000e-03,0.000000,0.403110
3.326480000e-03,0.000000,0.402304
3.328480000e-03,0.000000,0.401500
3.330480000e-03,0.000000,0.400698
3.332480000e-03,0.000000,0.399898
3.334480000e-03,0.000000,0.399099
3.336480000e-03,0.000000,0.398301
3.338480000e-03,0.000000,0.397505
3.340480000e-03,0.000000,0.396711
3.342480000e-03,0.000000,0.395919
3.344480000e-03,0.000000,0.395128
3.346480000e-03,0.000000,0.394338
3.348480000e-03,0.000000,0.393550
3.350480000e-03,0.000000,0.392764
3.352480000e-03,0.000000,0.391979
3.354480000e-03,0.000000,0.391196
3.356480000e-03,0.000000,0.390414
3.358480000e-03,0.000000,0.389634
3.360480000e-03,0.000000,0.388856
3.362480000e-03,0.000000,0.388079
3.364480000e-03,0.000000,0.387303
3.366480000e-03,0.000000,0.386530
3.368480000e-03,0.000000,0.385757
3.370480000e-03,0.000000,0.384987
3.372480000e-03,0.000000,0.384217
3.374480000e-03,0.000000,0.383450
3.376480000e-03,0.000000,0.382684
3.378480000e-03,0.000000,0.381919
3.380480000e-03,0.000000,0.381156
3.382480000e-03,0.000000,0.380394
3.384480000e-03,0.000000,0.379634
3.386480000e-03,0.000000,0.378876
3.388480000e-03,0.000000,0.378119
3.390480000e-03,0.000000,0.377363
3.392480000e-03,0.000000,0.376609
3.394480000e-03,0.000000,0.375857
3.396480000e-03,0.000000,0.375106
3.398480000e-03,0.000000,0.374357
3.400480000e-03,0.000000,0.373609
3.402480000e-03,0.000000,0.372862
3.404480000e-03,0.000000,0.372117
3.406480000e-03,0.000000,0.371374
3.408480000e-03,0.000000,0.370632
3.410480000e-03,0.000000,0.369891
3.412480000e-03,0.000000,0.369152
3.414480000e-03,0.000000,0.368414
3.416480000e-03,0.000000,0.367678
3.418480000e-03,0.000000,0.366944
3.420480000e-03,0.000000,0.366211
3.422480000e-03,0.000000,0.365479
3.424480000e-03,0.000000,0.364749
3.426480000e-03,0.000000,0.364020
3.428480000e-03,0.000000,0.363293
3.430480000e-03,0.000000,0.362567
3.432480000e-03,0.000000,0.361842
3.434480000e-03,0.000000,0.361119
3.436480000e-03,0.000000,0.360398
3.438480000e-03,0.000000,0.359678
3.440480000e-03,0.000000,0.358959
3.442480000e-03,0.000000,0.358242
3.444480000e-03,0.000000,0.357526
3.446480000e-03,0.000000,0.356812
3.448480000e-03,0.000000,0.356099
3.450480000e-03,0.000000,0.355387
3.452480000e-03,0.000000,0.354677
3.454480000e-03,0.000000,0.353969
3.456480000e-03,0.000000,0.353261
3.458480000e-03,0.000000,0.352556
3.460480000e-03,0.000000,0.351851
3.462480000e-03,0.000000,0.351148
3.464480000e-03,0.000000,0.350447
3.466480000e-03,0.000000,0.349746
3.468480000e-03,0.000000,0.349048
3.470480000e-03,0.000000,0.348350
3.472480000e-03,0.000000,0.347654
3.474480000e-03,0.000000,0.346960
3.476480000e-03,0.000000,0.346266
3.478480000e-03,0.000000,0.345575
3.480480000e-03,0.000000,0.344884
3.482480000e-03,0.000000,0.344195
3.484480000e-03,0.000000,0.343507
3.486480000e-03,0.000000,0.342821
3.488480000e-03,0.000000,0.342136
3.490480000e-03,0.000000,0.341452
3.492480000e-03,0.000000,0.340770
3.494480000e-03,0.000000,0.340089
3.496480000e-03,0.000000,0.339410
3.498480000e-03,0.000000,0.338732
3.500480000e-03,0.000000,0.338055
3.502480000e-03,0.000000,0.337380
3.504480000e-03,0.000000,0.336705
3.506480000e-03,0.000000,0.336033
3.508480000e-03,0.000000,0.335361
3.510480000e-03,0.000000,0.334691
3.512480000e-03,0.000000,0.334023
3.514480000e-03,0.000000,0.333355
3.516480000e-03,0.000000,0.332689
3.518480000e-03,0.000000,0.332024
3.520480000e-03,0.000000,0.331361
3.522480000e-03,0.000000,0.330699
3.524480000e-03,0.000000,0.330038
3.526480000e-03,0.000000,0.329379
3.528480000e-03,0.000000,0.328721
3.530480000e-03,0.000000,0.328064
3.532480000e-03,0.000000,0.327408
3.534480000e-03,0.000000,0.326754
3.536480000e-03,0.000000,0.326101
3.538480000e-03,0.000000,0.325450
3.540480000e-03,0.000000,0.324800
3.542480000e-03,0.000000,0.324151
3.544480000e-03,0.000000,0.323503
3.546480000e-03,0.000000,0.322857
3.548480000e-03,0.000000,0.322212
3.550480000e-03,0.000000,0.321568
3.552480000e-03,0.000000,0.320925
3.554480000e-03,0.000000,0.320284
3.556480000e-03,0.000000,0.319644
3.558480000e-03,0.000000,0.319006
3.560480000e-03,0.000000,0.318368
3.562480000e-03,0.000000,0.317732
3.564480000e-03,0.000000,0.317097
3.566480000e-03,0.000000,0.316464
3.568480000e-03,0.000000,0.315831
3.570480000e-03,0.000000,0.315200
3.572480000e-03,0.000000,0.314571
3.574480000e-03,0.000000,0.313942
3.576480000e-03,0.000000,0.313315
3.578480000e-03,0.000000,0.312689
3.580480000e-03,0.000000,0.312064
3.582480000e-03,0.000000,0.311441
3.584480000e-03,0.000000,0.310818
3.586480000e-03,0.000000,0.310197
3.588480000e-03,0.000000,0.309578
3.590480000e-03,0.000000,0.308959
3.592480000e-03,0.000000,0.308342
3.594480000e-03,0.000000,0.307726
3.596480000e-03,0.000000,0.307111
3.598480000e-03,0.000000,0.306497
3.600480000e-03,0.000000,0.305885
3.602480000e-03,0.000000,0.305274
3.604480000e-03,0.000000,0.304664
3.606480000e-03,0.000000,0.304055
3.608480000e-03,0.000000,0.303447
3.610480000e-03,0.000000,0.302841
3.612480000e-03,0.000000,0.302236
3.614480000e-03,0.000000,0.301632
3.616480000e-03,0.000000,0.301030
3.618480000e-03,0.000000,0.300428
3.620480000e-03,0.000000,0.299828
3.622480000e-03,0.000000,0.299229
3.624480000e-03,0.000000,0.298631
3.626480000e-03,0.000000,0.298034
3.628480000e-03,0.000000,0.297439
3.630480000e-03,0.000000,0.296845
3.632480000e-03,0.000000,0.296251
3.634480000e-03,0.000000,0.295660
3.636480000e-03,0.000000,0.295069
3.638480000e-03,0.000000,0.294479
3.640480000e-03,0.000000,0.293891
3.642480000e-03,0.000000,0.293304
3.644480000e-03,0.000000,0.292718
3.646480000e-03,0.000000,0.292133
3.648480000e-03,0.000000,0.291549
3.650480000e-03,0.000000,0.290967
3.652480000e-03,0.000000,0.290385
3.654480000e-03,0.000000,0.289805
3.656480000e-03,0.000000,0.289226
3.658480000e-03,0.000000,0.288648
3.660480000e-03,0.000000,0.288071
3.662480000e-03,0.000000,0.287496
3.664480000e-03,0.000000,0.286921
3.666480000e-03,0.000000,0.286348
3.668480000e-03,0.000000,0.285776
3.670480000e-03,0.000000,0.285205
3.672480000e-03,0.000000,0.284635
3.674480000e-03,0.000000,0.284067
3.676480000e-03,0.000000,0.283499
3.678480000e-03,0.000000,0.282933
3.680480000e-03,0.000000,0.282367
3.682480000e-03,0.000000,0.281803
3.684480000e-03,0.000000,0.281240
3.686480000e-03,0.000000,0.280678
3.688480000e-03,0.000000,0.280117
3.690480000e-03,0.000000,0.279558
3.692480000e-03,0.000000,0.278999
3.694480000e-03,0.000000,0.278442
3.696480000e-03,0.000000,0.277885
3.698480000e-03,0.000000,0.277330
3.700480000e-03,0.000000,0.276776
3.702480000e-03,0.000000,0.276223
3.704480000e-03,0.000000,0.275671
3.706480000e-03,0.000000,0.275120
3.708480000e-03,0.000000,0.274571
3.710480000e-03,0.000000,0.274022
3.712480000e-03,0.000000,0.273475
3.714480000e-03,0.000000,0.272928
3.716480000e-03,0.000000,0.272383
3.718480000e-03,0.000000,0.271839
3.720480000e-03,0.000000,0.271295
3.722480000e-03,0.000000,0.270753
3.724480000e-03,0.000000,0.270212
3.726480000e-03,0.000000,0.269673
3.728480000e-03,0.000000,0.269134
3.730480000e-03,0.000000,0.268596
3.732480000e-03,0.000000,0.268059
3.734480000e-03,0.000000,0.267524
3.736480000e-03,0.000000,0.266989
3.738480000e-03,0.000000,0.266456
3.740480000e-03,0.000000,0.265923
3.742480000e-03,0.000000,0.265392
3.744480000e-03,0.000000,0.264862
3.746480000e-03,0.000000,0.264333
3.748480000e-03,0.000000,0.263805
3.750480000e-03,0.000000,0.263277
3.752480000e-03,0.000000,0.262751
3.754480000e-03,0.000000,0.262226
3.756480000e-03,0.000000,0.261703
3.758480000e-03,0.000000,0.261180
3.760480000e-03,0.000000,0.260658
3.762480000e-03,0.000000,0.260137
3.764480000e-03,0.000000,0.259617
3.766480000e-03,0.000000,0.259099
3.768480000e-03,0.000000,0.258581
3.770480000e-03,0.000000,0.258064
3.772480000e-03,0.000000,0.257549
3.774480000e-03,0.000000,0.257034
3.776480000e-03,0.000000,0.256520
3.778480000e-03,0.000000,0.256008
3.780480000e-03,0.000000,0.255496
3.782480000e-03,0.000000,0.254986
3.784480000e-03,0.000000,0.254476
3.786480000e-03,0.000000,0.253968
3.788480000e-03,0.000000,0.253461
3.790480000e-03,0.000000,0.252954
3.792480000e-03,0.000000,0.252449
3.794480000e-03,0.000000,0.251944
3.796480000e-03,0.000000,0.251441
3.798480000e-03,0.000000,0.250939
3.800480000e-03,0.000000,0.250437
3.802480000e-03,0.000000,0.249937
3.804480000e-03,0.000000,0.249438
3.806480000e-03,0.000000,0.248939
3.808480000e-03,0.000000,0.248442
3.810480000e-03,0.000000,0.247945
3.812480000e-03,0.000000,0.247450
3.814480000e-03,0.000000,0.246956
3.816480000e-03,0.000000,0.246462
3.818480000e-03,0.000000,0.245970
3.820480000e-03,0.000000,0.245478
3.822480000e-03,0.000000,0.244988
3.824480000e-03,0.000000,0.244498
3.826480000e-03,0.000000,0.244010
3.828480000e-03,0.000000,0.243522
3.830480000e-03,0.000000,0.243036
3.832480000e-03,0.000000,0.242550
3.834480000e-03,0.000000,0.242066
3.836480000e-03,0.000000,0.241582
3.838480000e-03,0.000000,0.241099
3.840480000e-03,0.000000,0.240617
3.842480000e-03,0.000000,0.240137
3.844480000e-03,0.000000,0.239657
3.846480000e-03,0.000000,0.239178
3.848480000e-03,0.000000,0.238700
3.850480000e-03,0.000000,0.238223
3.852480000e-03,0.000000,0.237747
3.854480000e-03,0.000000,0.237272
3.856480000e-03,0.000000,0.236798
3.858480000e-03,0.000000,0.236325
3.860480000e-03,0.000000,0.235853
3.862480000e-03,0.000000,0.235382
3.864480000e-03,0.000000,0.234911
3.866480000e-03,0.000000,0.234442
3.868480000e-03,0.000000,0.233974
3.870480000e-03,0.000000,0.233506
3.872480000e-03,0.000000,0.233040
3.874480000e-03,0.000000,0.232574
3.876480000e-03,0.000000,0.232109
3.878480000e-03,0.000000,0.231646
3.880480000e-03,0.000000,0.231183
3.882480000e-03,0.000000,0.230721
3.884480000e-03,0.000000,0.230260
3.886480000e-03,0.000000,0.229800
3.888480000e-03,0.000000,0.229341
3.890480000e-03,0.000000,0.228882
3.892480000e-03,0.000000,0.228425
3.894480000e-03,0.000000,0.227969
3.896480000e-03,0.000000,0.227513
3.898480000e-03,0.000000,0.227059
3.900480000e-03,0.000000,0.226605
3.902480000e-03,0.000000,0.226152
3.904480000e-03,0.000000,0.225700
3.906480000e-03,0.000000,0.225249
3.908480000e-03,0.000000,0.224799
3.910480000e-03,0.000000,0.224350
3.912480000e-03,0.000000,0.223902
3.914480000e-03,0.000000,0.223455
3.916480000e-03,0.000000,0.223008
3.918480000e-03,0.000000,0.222563
3.920480000e-03,0.000000,0.222118
3.922480000e-03,0.000000,0.221674
3.924480000e-03,0.000000,0.221231
3.926480000e-03,0.000000,0.220789
3.928480000e-03,0.000000,0.220348
3.930480000e-03,0.000000,0.219908
3.932480000e-03,0.000000,0.219468
3.934480000e-03,0.000000,0.219030
3.936480000e-03,0.000000,0.218592
3.938480000e-03,0.000000,0.218156
3.940480000e-03,0.000000,0.217720
3.942480000e-03,0.000000,0.217285
3.944480000e-03,0.000000,0.216851
3.946480000e-03,0.000000,0.216417
3.948480000e-03,0.000000,0.215985
3.950480000e-03,0.000000,0.215553
3.952480000e-03,0.000000,0.215123
3.954480000e-03,0.000000,0.214693
3.956480000e-03,0.000000,0.214264
3.958480000e-03,0.000000,0.213836
3.960480000e-03,0.000000,0.213409
3.962480000e-03,0.000000,0.212982
3.964480000e-03,0.000000,0.212557
3.966480000e-03,0.000000,0.212132
3.968480000e-03,0.000000,0.211708
3.970480000e-03,0.000000,0.211285
3.972480000e-03,0.000000,0.210863
3.974480000e-03,0.000000,0.210442
3.976480000e-03,0.000000,0.210021
3.978480000e-03,0.000000,0.209602
3.980480000e-03,0.000000,0.209183
3.982480000e-03,0.000000,0.208765
3.984480000e-03,0.000000,0.208348
3.986480000e-03,0.000000,0.207931
3.988480000e-03,0.000000,0.207516
3.990480000e-03,0.000000,0.207101
3.992480000e-03,0.000000,0.206688
3.994480000e-03,0.000000,0.206275
3.996480000e-03,0.000000,0.205862
3.998480000e-03,0.000000,0.205451
4.000480000e-03,0.000000,0.205041
4.002480000e-03,0.000000,0.204631
4.004480000e-03,0.000000,0.204222
4.006480000e-03,0.000000,0.203814
4.008480000e-03,0.000000,0.203407
4.010480000e-03,0.000000,0.203000
4.012480000e-03,0.000000,0.202595
4.014480000e-03,0.000000,0.202190
4.016480000e-03,0.000000,0.201786
4.018480000e-03,0.000000,0.201383
4.020480000e-03,0.000000,0.200981
4.022480000e-03,0.000000,0.200579
4.024480000e-03,0.000000,0.200178
4.026480000e-03,0.000000,0.199778
4.028480000e-03,0.000000,0.199379
4.030480000e-03,0.000000,0.198981
4.032480000e-03,0.000000,0.198583
4.034480000e-03,0.000000,0.198186
4.036480000e-03,0.000000,0.197790
4.038480000e-03,0.000000,0.197395
4.040480000e-03,0.000000,0.197001
4.042480000e-03,0.000000,0.196607
4.044480000e-03,0.000000,0.196214
4.046480000e-03,0.000000,0.195822
4.048480000e-03,0.000000,0.195431
4.050480000e-03,0.000000,0.195041
4.052480000e-03,0.000000,0.194651
4.054480000e-03,0.000000,0.194262
4.056480000e-03,0.000000,0.193874
4.058480000e-03,0.000000,0.193487
4.060480000e-03,0.000000,0.193100
4.062480000e-03,0.000000,0.192714
4.064480000e-03,0.000000,0.192329
4.066480000e-03,0.000000,0.191945
4.068480000e-03,0.000000,0.191561
4.070480000e-03,0.000000,0.191179
4.072480000e-03,0.000000,0.190797
4.074480000e-03,0.000000,0.190415
4.076480000e-03,0.000000,0.190035
4.078480000e-03,0.000000,0.189655
4.080480000e-03,0.000000,0.189276
4.082480000e-03,0.000000,0.188898
4.084480000e-03,0.000000,0.188521
4.086480000e-03,0.000000,0.188144
4.088480000e-03,0.000000,0.187768
4.090480000e-03,0.000000,0.187393
4.092480000e-03,0.000000,0.187019
4.094480000e-03,0.000000,0.186645
4.096480000e-03,0.000000,0.186272
4.098480000e-03,0.000000,0.185900
4.100480000e-03,0.000000,0.185528
4.102480000e-03,0.000000,0.185158
4.104480000e-03,0.000000,0.184788
4.106480000e-03,0.000000,0.184419
4.108480000e-03,0.000000,0.184050
4.110480000e-03,0.000000,0.183682
4.112480000e-03,0.000000,0.183315
4.114480000e-03,0.000000,0.182949
4.116480000e-03,0.000000,0.182584
4.118480000e-03,0.000000,0.182219
4.120480000e-03,0.000000,0.181855
4.122480000e-03,0.000000,0.181491
4.124480000e-03,0.000000,0.181129
4.126480000e-03,0.000000,0.180767
4.128480000e-03,0.000000,0.180406
4.130480000e-03,0.000000,0.180045
4.132480000e-03,0.000000,0.179686
4.134480000e-03,0.000000,0.179327
4.136480000e-03,0.000000,0.178968
4.138480000e-03,0.000000,0.178611
4.140480000e-03,0.000000,0.178254
4.142480000e-03,0.000000,0.177898
4.144480000e-03,0.000000,0.177542
4.146480000e-03,0.000000,0.177187
4.148480000e-03,0.000000,0.176833
4.150480000e-03,0.000000,0.176480
4.152480000e-03,0.000000,0.176128
4.154480000e-03,0.000000,0.175776
4.156480000e-03,0.000000,0.175424
4.158480000e-03,0.000000,0.175074
4.160480000e-03,0.000000,0.174724
4.162480000e-03,0.000000,0.174375
4.164480000e-03,0.000000,0.174027
4.166480000e-03,0.000000,0.173679
4.168480000e-03,0.000000,0.173332
4.170480000e-03,0.000000,0.172986
4.172480000e-03,0.000000,0.172640
4.174480000e-03,0.000000,0.172295
4.176480000e-03,0.000000,0.171951
4.178480000e-03,0.000000,0.171607
4.180480000e-03,0.000000,0.171264
4.182480000e-03,0.000000,0.170922
4.184480000e-03,0.000000,0.170581
4.186480000e-03,0.000000,0.170240
4.188480000e-03,0.000000,0.169900
4.190480000e-03,0.000000,0.169560
4.192480000e-03,0.000000,0.169221
4.194480000e-03,0.000000,0.168883
4.196480000e-03,0.000000,0.168546
4.198480000e-03,0.000000,0.168209
4.200480000e-03,0.000000,0.167873
4.202480000e-03,0.000000,0.167538
4.204480000e-03,0.000000,0.167203
4.206480000e-03,0.000000,0.166869
4.208480000e-03,0.000000,0.166535
4.210480000e-03,0.000000,0.166203
4.212480000e-03,0.000000,0.165871
4.214480000e-03,0.000000,0.165539
4.216480000e-03,0.000000,0.165208
4.218480000e-03,0.000000,0.164878
4.220480000e-03,0.000000,0.164549
4.222480000e-03,0.000000,0.164220
4.224480000e-03,0.000000,0.163892
4.226480000e-03,0.000000,0.163565
4.228480000e-03,0.000000,0.163238
4.230480000e-03,0.000000,0.162912
4.232480000e-03,0.000000,0.162586
4.234480000e-03,0.000000,0.162261
4.236480000e-03,0.000000,0.161937
4.238480000e-03,0.000000,0.161614
4.240480000e-03,0.000000,0.161291
4.242480000e-03,0.000000,0.160968
4.244480000e-03,0.000000,0.160647
4.246480000e-03,0.000000,0.160326
4.248480000e-03,0.000000,0.160006
4.250480000e-03,0.000000,0.159686
4.252480000e-03,0.000000,0.159367
4.254480000e-03,0.000000,0.159048
4.256480000e-03,0.000000,0.158731
4.258480000e-03,0.000000,0.158413
4.260480000e-03,0.000000,0.158097
4.262480000e-03,0.000000,0.157781
4.264480000e-03,0.000000,0.157466
4.266480000e-03,0.000000,0.157151
4.268480000e-03,0.000000,0.156837
4.270480000e-03,0.000000,0.156524
4.272480000e-03,0.000000,0.156211
4.274480000e-03,0.000000,0.155899
4.276480000e-03,0.000000,0.155587
4.278480000e-03,0.000000,0.155277
4.280480000e-03,0.000000,0.154966
4.282480000e-03,0.000000,0.154657
4.284480000e-03,0.000000,0.154348
4.286480000e-03,0.000000,0.154039
4.288480000e-03,0.000000,0.153732
4.290480000e-03,0.000000,0.153424
4.292480000e-03,0.000000,0.153118
4.294480000e-03,0.000000,0.152812
4.296480000e-03,0.000000,0.152507
4.298480000e-03,0.000000,0.152202
4.300480000e-03,0.000000,0.151898
4.302480000e-03,0.000000,0.151594
4.304480000e-03,0.000000,0.151291
4.306480000e-03,0.000000,0.150989
4.308480000e-03,0.000000,0.150688
4.310480000e-03,0.000000,0.150386
4.312480000e-03,0.000000,0.150086
4.314480000e-03,0.000000,0.149786
4.316480000e-03,0.000000,0.149487
4.318480000e-03,0.000000,0.149188
4.320480000e-03,0.000000,0.148890
4.322480000e-03,0.000000,0.148593
4.324480000e-03,0.000000,0.148296
4.326480000e-03,0.000000,0.147999
4.328480000e-03,0.000000,0.147704
4.330480000e-03,0.000000,0.147409
4.332480000e-03,0.000000,0.147114
4.334480000e-03,0.000000,0.146820
4.336480000e-03,0.000000,0.146527
4.338480000e-03,0.000000,0.146234
4.340480000e-03,0.000000,0.145942
4.342480000e-03,0.000000,0.145650
4.344480000e-03,0.000000,0.145359
4.346480000e-03,0.000000,0.145069
4.348480000e-03,0.000000,0.144779
4.350480000e-03,0.000000,0.144490
4.352480000e-03,0.000000,0.144201
4.354480000e-03,0.000000,0.143913
4.356480000e-03,0.000000,0.143625
4.358480000e-03,0.000000,0.143338
4.360480000e-03,0.000000,0.143052
4.362480000e-03,0.000000,0.142766
4.364480000e-03,0.000000,0.142481
4.366480000e-03,0.000000,0.142196
4.368480000e-03,0.000000,0.141912
4.370480000e-03,0.000000,0.141629
4.372480000e-03,0.000000,0.141346
4.374480000e-03,0.000000,0.141063
4.376480000e-03,0.000000,0.140781
4.378480000e-03,0.000000,0.140500
4.380480000e-03,0.000000,0.140219
4.382480000e-03,0.000000,0.139939
4.384480000e-03,0.000000,0.139660
4.386480000e-03,0.000000,0.139381
4.388480000e-03,0.000000,0.139102
4.390480000e-03,0.000000,0.138824
4.392480000e-03,0.000000,0.138547
4.394480000e-03,0.000000,0.138270
4.396480000e-03,0.000000,0.137994
4.398480000e-03,0.000000,0.137718
4.400480000e-03,0.000000,0.137443
4.402480000e-03,0.000000,0.137168
4.404480000e-03,0.000000,0.136894
4.406480000e-03,0.000000,0.136621
4.408480000e-03,0.000000,0.136348
4.410480000e-03,0.000000,0.136075
4.412480000e-03,0.000000,0.135803
4.414480000e-03,0.000000,0.135532
4.416480000e-03,0.000000,0.135261
4.418480000e-03,0.000000,0.134991
4.420480000e-03,0.000000,0.134721
4.422480000e-03,0.000000,0.134452
4.424480000e-03,0.000000,0.134183
4.426480000e-03,0.000000,0.133915
4.428480000e-03,0.000000,0.133648
4.430480000e-03,0.000000,0.133381
4.432480000e-03,0.000000,0.133114
4.434480000e-03,0.000000,0.132848
4.436480000e-03,0.000000,0.132583
4.438480000e-03,0.000000,0.132318
4.440480000e-03,0.000000,0.132054
4.442480000e-03,0.000000,0.131790
4.444480000e-03,0.000000,0.131526
4.446480000e-03,0.000000,0.131264
4.448480000e-03,0.000000,0.131001
4.450480000e-03,0.000000,0.130740
4.452480000e-03,0.000000,0.130478
4.454480000e-03,0.000000,0.130218
4.456480000e-03,0.000000,0.129958
4.458480000e-03,0.000000,0.129698
4.460480000e-03,0.000000,0.129439
4.462480000e-03,0.000000,0.129180
4.464480000e-03,0.000000,0.128922
4.466480000e-03,0.000000,0.128664
4.468480000e-03,0.000000,0.128407
4.470480000e-03,0.000000,0.128151
4.472480000e-03,0.000000,0.127895
4.474480000e-03,0.000000,0.127639
4.476480000e-03,0.000000,0.127384
4.478480000e-03,0.000000,0.127130
4.480480000e-03,0.000000,0.126876
4.482480000e-03,0.000000,0.126622
4.484480000e-03,0.000000,0.126369
4.486480000e-03,0.000000,0.126117
4.488480000e-03,0.000000,0.125865
4.490480000e-03,0.000000,0.125613
4.492480000e-03,0.000000,0.125362
4.494480000e-03,0.000000,0.125112
4.496480000e-03,0.000000,0.124862
4.498480000e-03,0.000000,0.124612
4.500480000e-03,0.000000,0.124363
4.502480000e-03,0.000000,0.124115
4.504480000e-03,0.000000,0.123867
4.506480000e-03,0.000000,0.123619
4.508480000e-03,0.000000,0.123372
4.510480000e-03,0.000000,0.123126
4.512480000e-03,0.000000,0.122880
4.514480000e-03,0.000000,0.122634
4.516480000e-03,0.000000,0.122389
4.518480000e-03,0.000000,0.122145
4.520480000e-03,0.000000,0.121901
4.522480000e-03,0.000000,0.121657
4.524480000e-03,0.000000,0.121414
4.526480000e-03,0.000000,0.121172
4.528480000e-03,0.000000,0.120930
4.530480000e-03,0.000000,0.120688
4.532480000e-03,0.000000,0.120447
4.534480000e-03,0.000000,0.120206
4.536480000e-03,0.000000,0.119966
4.538480000e-03,0.000000,0.119726
4.540480000e-03,0.000000,0.119487
4.542480000e-03,0.000000,0.119248
4.544480000e-03,0.000000,0.119010
4.546480000e-03,0.000000,0.118772
4.548480000e-03,0.000000,0.118535
4.550480000e-03,0.000000,0.118298
4.552480000e-03,0.000000,0.118062
4.554480000e-03,0.000000,0.117826
4.556480000e-03,0.000000,0.117590
4.558480000e-03,0.000000,0.117356
4.560480000e-03,0.000000,0.117121
4.562480000e-03,0.000000,0.116887
4.564480000e-03,0.000000,0.116654
4.566480000e-03,0.000000,0.116420
4.568480000e-03,0.000000,0.116188
4.570480000e-03,0.000000,0.115956
4.572480000e-03,0.000000,0.115724
4.574480000e-03,0.000000,0.115493
4.576480000e-03,0.000000,0.115262
4.578480000e-03,0.000000,0.115032
4.580480000e-03,0.000000,0.114802
4.582480000e-03,0.000000,0.114573
4.584480000e-03,0.000000,0.114344
4.586480000e-03,0.000000,0.114115
4.588480000e-03,0.000000,0.113887
4.590480000e-03,0.000000,0.113660
4.592480000e-03,0.000000,0.113433
4.594480000e-03,0.000000,0.113206
4.596480000e-03,0.000000,0.112980
4.598480000e-03,0.000000,0.112754
4.600480000e-03,0.000000,0.112529
4.602480000e-03,0.000000,0.112304
4.604480000e-03,0.000000,0.112079
4.606480000e-03,0.000000,0.111856
4.608480000e-03,0.000000,0.111632
4.610480000e-03,0.000000,0.111409
4.612480000e-03,0.000000,0.111186
4.614480000e-03,0.000000,0.110964
4.616480000e-03,0.000000,0.110743
4.618480000e-03,0.000000,0.110521
4.620480000e-03,0.000000,0.110300
4.622480000e-03,0.000000,0.110080
4.624480000e-03,0.000000,0.109860
4.626480000e-03,0.000000,0.109641
4.628480000e-03,0.000000,0.109422
4.630480000e-03,0.000000,0.109203
4.632480000e-03,0.000000,0.108985
4.634480000e-03,0.000000,0.108767
4.636480000e-03,0.000000,0.108550
4.638480000e-03,0.000000,0.108333
4.640480000e-03,0.000000,0.108116
4.642480000e-03,0.000000,0.107900
4.644480000e-03,0.000000,0.107685
4.646480000e-03,0.000000,0.107470
4.648480000e-03,0.000000,0.107255
4.650480000e-03,0.000000,0.107041
4.652480000e-03,0.000000,0.106827
4.654480000e-03,0.000000,0.106613
4.656480000e-03,0.000000,0.106400
4.658480000e-03,0.000000,0.106188
4.660480000e-03,0.000000,0.105976
4.662480000e-03,0.000000,0.105764
4.664480000e-03,0.000000,0.105552
4.666480000e-03,0.000000,0.105342
4.668480000e-03,0.000000,0.105131
4.670480000e-03,0.000000,0.104921
4.672480000e-03,0.000000,0.104711
4.674480000e-03,0.000000,0.104502
4.676480000e-03,0.000000,0.104293
4.678480000e-03,0.000000,0.104085
4.680480000e-03,0.000000,0.103877
4.682480000e-03,0.000000,0.103670
4.684480000e-03,0.000000,0.103462
4.686480000e-03,0.000000,0.103256
4.688480000e-03,0.000000,0.103049
4.690480000e-03,0.000000,0.102843
4.692480000e-03,0.000000,0.102638
4.694480000e-03,0.000000,0.102433
4.696480000e-03,0.000000,0.102228
4.698480000e-03,0.000000,0.102024
4.700480000e-03,0.000000,0.101820
4.702480000e-03,0.000000,0.101617
4.704480000e-03,0.000000,0.101414
4.706480000e-03,0.000000,0.101211
4.708480000e-03,0.000000,0.101009
4.710480000e-03,0.000000,0.100807
4.712480000e-03,0.000000,0.100606
4.714480000e-03,0.000000,0.100405
4.716480000e-03,0.000000,0.100204
4.718480000e-03,0.000000,0.100004
4.720480000e-03,0.000000,0.099804
4.722480000e-03,0.000000,0.099605
4.724480000e-03,0.000000,0.099406
4.726480000e-03,0.000000,0.099207
4.728480000e-03,0.000000,0.099009
4.730480000e-03,0.000000,0.098811
4.732480000e-03,0.000000,0.098613
4.734480000e-03,0.000000,0.098416
4.736480000e-03,0.000000,0.098220
4.738480000e-03,0.000000,0.098024
4.740480000e-03,0.000000,0.097828
4.742480000e-03,0.000000,0.097632
4.744480000e-03,0.000000,0.097437
4.746480000e-03,0.000000,0.097243
4.748480000e-03,0.000000,0.097048
4.750480000e-03,0.000000,0.096854
4.752480000e-03,0.000000,0.096661
4.754480000e-03,0.000000,0.096468
4.756480000e-03,0.000000,0.096275
4.758480000e-03,0.000000,0.096083
4.760480000e-03,0.000000,0.095891
4.762480000e-03,0.000000,0.095699
4.764480000e-03,0.000000,0.095508
4.766480000e-03,0.000000,0.095317
4.768480000e-03,0.000000,0.095127
4.770480000e-03,0.000000,0.094936
4.772480000e-03,0.000000,0.094747
4.774480000e-03,0.000000,0.094557
4.776480000e-03,0.000000,0.094369
4.778480000e-03,0.000000,0.094180
4.780480000e-03,0.000000,0.093992
4.782480000e-03,0.000000,0.093804
4.784480000e-03,0.000000,0.093617
4.786480000e-03,0.000000,0.093430
4.788480000e-03,0.000000,0.093243
4.790480000e-03,0.000000,0.093057
4.792480000e-03,0.000000,0.092871
4.794480000e-03,0.000000,0.092685
4.796480000e-03,0.000000,0.092500
4.798480000e-03,0.000000,0.092315
4.800480000e-03,0.000000,0.092131
4.802480000e-03,0.000000,0.091947
4.804480000e-03,0.000000,0.091763
4.806480000e-03,0.000000,0.091580
4.808480000e-03,0.000000,0.091397
4.810480000e-03,0.000000,0.091214
4.812480000e-03,0.000000,0.091032
4.814480000e-03,0.000000,0.090850
4.816480000e-03,0.000000,0.090668
4.818480000e-03,0.000000,0.090487
4.820480000e-03,0.000000,0.090306
4.822480000e-03,0.000000,0.090126
4.824480000e-03,0.000000,0.089946
4.826480000e-03,0.000000,0.089766
4.828480000e-03,0.000000,0.089587
4.830480000e-03,0.000000,0.089408
4.832480000e-03,0.000000,0.089229
4.834480000e-03,0.000000,0.089051
4.836480000e-03,0.000000,0.088873
4.838480000e-03,0.000000,0.088695
4.840480000e-03,0.000000,0.088518
4.842480000e-03,0.000000,0.088341
4.844480000e-03,0.000000,0.088165
4.846480000e-03,0.000000,0.087989
4.848480000e-03,0.000000,0.087813
4.850480000e-03,0.000000,0.087637
4.852480000e-03,0.000000,0.087462
4.854480000e-03,0.000000,0.087288
4.856480000e-03,0.000000,0.087113
4.858480000e-03,0.000000,0.086939
4.860480000e-03,0.000000,0.086765
4.862480000e-03,0.000000,0.086592
4.864480000e-03,0.000000,0.086419
4.866480000e-03,0.000000,0.086246
4.868480000e-03,0.000000,0.086074
4.870480000e-03,0.000000,0.085902
4.872480000e-03,0.000000,0.085730
4.874480000e-03,0.000000,0.085559
4.876480000e-03,0.000000,0.085388
4.878480000e-03,0.000000,0.085218
4.880480000e-03,0.000000,0.085047
4.882480000e-03,0.000000,0.084877
4.884480000e-03,0.000000,0.084708
4.886480000e-03,0.000000,0.084539
4.888480000e-03,0.000000,0.084370
4.890480000e-03,0.000000,0.084201
4.892480000e-03,0.000000,0.084033
4.894480000e-03,0.000000,0.083865
4.896480000e-03,0.000000,0.083697
4.898480000e-03,0.000000,0.083530
4.900480000e-03,0.000000,0.083363
4.902480000e-03,0.000000,0.083197
4.904480000e-03,0.000000,0.083031
4.906480000e-03,0.000000,0.082865
4.908480000e-03,0.000000,0.082699
4.910480000e-03,0.000000,0.082534
4.912480000e-03,0.000000,0.082369
4.914480000e-03,0.000000,0.082204
4.916480000e-03,0.000000,0.082040
4.918480000e-03,0.000000,0.081876
4.920480000e-03,0.000000,0.081713
4.922480000e-03,0.000000,0.081549
4.924480000e-03,0.000000,0.081386
4.926480000e-03,0.000000,0.081224
4.928480000e-03,0.000000,0.081061
4.930480000e-03,0.000000,0.080900
4.932480000e-03,0.000000,0.080738
4.934480000e-03,0.000000,0.080577
4.936480000e-03,0.000000,0.080416
4.938480000e-03,0.000000,0.080255
4.940480000e-03,0.000000,0.080095
4.942480000e-03,0.000000,0.079935
4.944480000e-03,0.000000,0.079775
4.946480000e-03,0.000000,0.079615
4.948480000e-03,0.000000,0.079456
4.950480000e-03,0.000000,0.079298
4.952480000e-03,0.000000,0.079139
4.954480000e-03,0.000000,0.078981
4.956480000e-03,0.000000,0.078823
4.958480000e-03,0.000000,0.078666
4.960480000e-03,0.000000,0.078509
4.962480000e-03,0.000000,0.078352
4.964480000e-03,0.000000,0.078195
4.966480000e-03,0.000000,0.078039
4.968480000e-03,0.000000,0.077883
4.970480000e-03,0.000000,0.077727
4.972480000e-03,0.000000,0.077572
4.974480000e-03,0.000000,0.077417
4.976480000e-03,0.000000,0.077262
4.978480000e-03,0.000000,0.077108
4.980480000e-03,0.000000,0.076954
4.982480000e-03,0.000000,0.076800
4.984480000e-03,0.000000,0.076647
4.986480000e-03,0.000000,0.076494
4.988480000e-03,0.000000,0.076341
4.990480000e-03,0.000000,0.076188
4.992480000e-03,0.000000,0.076036
4.994480000e-03,0.000000,0.075884
4.996480000e-03,0.000000,0.075733
4.998480000e-03,0.000000,0.075581
5.000000000e-03,0.000000,0.075466
5.000100000e-03,0.100000,0.075469
5.000300000e-03,0.300000,0.075494
5.000700000e-03,0.700000,0.075664
5.001000000e-03,1.000000,0.075896
5.001080000e-03,1.000000,0.075970
5.001240000e-03,1.000000,0.076118
5.001560000e-03,1.000000,0.076413
5.002200000e-03,1.000000,0.077004
5.003480000e-03,1.000000,0.078185
5.005480000e-03,1.000000,0.080027
5.007480000e-03,1.000000,0.081865
5.009480000e-03,1.000000,0.083699
5.011480000e-03,1.000000,0.085530
5.013480000e-03,1.000000,0.087357
5.015480000e-03,1.000000,0.089180
5.017480000e-03,1.000000,0.091000
5.019480000e-03,1.000000,0.092816
5.021480000e-03,1.000000,0.094629
5.023480000e-03,1.000000,0.096438
5.025480000e-03,1.000000,0.098243
5.027480000e-03,1.000000,0.100045
5.029480000e-03,1.000000,0.101843
5.031480000e-03,1.000000,0.103638
5.033480000e-03,1.000000,0.105429
5.035480000e-03,1.000000,0.107216
5.037480000e-03,1.000000,0.109000
5.039480000e-03,1.000000,0.110780
5.041480000e-03,1.000000,0.112557
5.043480000e-03,1.000000,0.114330
5.045480000e-03,1.000000,0.116099
5.047480000e-03,1.000000,0.117865
5.049480000e-03,1.000000,0.119628
5.051480000e-03,1.000000,0.121387
5.053480000e-03,1.000000,0.123142
5.055480000e-03,1.000000,0.124894
5.057480000e-03,1.000000,0.126643
5.059480000e-03,1.000000,0.128388
5.061480000e-03,1.000000,0.130129
5.063480000e-03,1.000000,0.131867
5.065480000e-03,1.000000,0.133602
5.067480000e-03,1.000000,0.135333
5.069480000e-03,1.000000,0.137060
5.071480000e-03,1.000000,0.138784
5.073480000e-03,1.000000,0.140505
5.075480000e-03,1.000000,0.142222
5.077480000e-03,1.000000,0.143936
5.079480000e-03,1.000000,0.145647
5.081480000e-03,1.000000,0.147354
5.083480000e-03,1.000000,0.149057
5.085480000e-03,1.000000,0.150757
5.087480000e-03,1.000000,0.152454
5.089480000e-03,1.000000,0.154148
5.091480000e-03,1.000000,0.155838
5.093480000e-03,1.000000,0.157524
5.095480000e-03,1.000000,0.159208
5.097480000e-03,1.000000,0.160888
5.099480000e-03,1.000000,0.162564
5.101480000e-03,1.000000,0.164237
5.103480000e-03,1.000000,0.165907
5.105480000e-03,1.000000,0.167574
5.107480000e-03,1.000000,0.169237
5.109480000e-03,1.000000,0.170897
5.111480000e-03,1.000000,0.172553
5.113480000e-03,1.000000,0.174206
5.115480000e-03,1.000000,0.175856
5.117480000e-03,1.000000,0.177503
5.119480000e-03,1.000000,0.179146
5.121480000e-03,1.000000,0.180786
5.123480000e-03,1.000000,0.182423
5.125480000e-03,1.000000,0.184057
5.127480000e-03,1.000000,0.185687
5.129480000e-03,1.000000,0.187314
5.131480000e-03,1.000000,0.188938
5.133480000e-03,1.000000,0.190558
5.135480000e-03,1.000000,0.192176
5.137480000e-03,1.000000,0.193790
5.139480000e-03,1.000000,0.195400
5.141480000e-03,1.000000,0.197008
5.143480000e-03,1.000000,0.198612
5.145480000e-03,1.000000,0.200214
5.147480000e-03,1.000000,0.201812
5.149480000e-03,1.000000,0.203406
5.151480000e-03,1.000000,0.204998
5.153480000e-03,1.000000,0.206586
5.155480000e-03,1.000000,0.208172
5.157480000e-03,1.000000,0.209754
5.159480000e-03,1.000000,0.211333
5.161480000e-03,1.000000,0.212908
5.163480000e-03,1.000000,0.214481
5.165480000e-03,1.000000,0.216050
5.167480000e-03,1.000000,0.217617
5.169480000e-03,1.000000,0.219180
5.171480000e-03,1.000000,0.220740
5.173480000e-03,1.000000,0.222297
5.175480000e-03,1.000000,0.223851
5.177480000e-03,1.000000,0.225402
5.179480000e-03,1.000000,0.226949
5.181480000e-03,1.000000,0.228494
5.183480000e-03,1.000000,0.230035
5.185480000e-03,1.000000,0.231574
5.187480000e-03,1.000000,0.233109
5.189480000e-03,1.000000,0.234641
5.191480000e-03,1.000000,0.236170
5.193480000e-03,1.000000,0.237697
5.195480000e-03,1.000000,0.239220
5.197480000e-03,1.000000,0.240740
5.199480000e-03,1.000000,0.242257
5.201480000e-03,1.000000,0.243771
5.203480000e-03,1.000000,0.245282
5.205480000e-03,1.000000,0.246789
5.207480000e-03,1.000000,0.248294
5.209480000e-03,1.000000,0.249796
5.211480000e-03,1.000000,0.251295
5.213480000e-03,1.000000,0.252791
5.215480000e-03,1.000000,0.254284
5.217480000e-03,1.000000,0.255774
5.219480000e-03,1.000000,0.257261
5.221480000e-03,1.000000,0.258745
5.223480000e-03,1.000000,0.260226
5.225480000e-03,1.000000,0.261704
5.227480000e-03,1.000000,0.263179
5.229480000e-03,1.000000,0.264651
5.231480000e-03,1.000000,0.266121
5.233480000e-03,1.000000,0.267587
5.235480000e-03,1.000000,0.269050
5.237480000e-03,1.000000,0.270511
5.239480000e-03,1.000000,0.271968
5.241480000e-03,1.000000,0.273423
5.243480000e-03,1.000000,0.274875
5.245480000e-03,1.000000,0.276323
5.247480000e-03,1.000000,0.277769
5.249480000e-03,1.000000,0.279212
5.251480000e-03,1.000000,0.280652
5.253480000e-03,1.000000,0.282090
5.255480000e-03,1.000000,0.283524
5.257480000e-03,1.000000,0.284956
5.259480000e-03,1.000000,0.286384
5.261480000e-03,1.000000,0.287810
5.263480000e-03,1.000000,0.289233
5.265480000e-03,1.000000,0.290653
5.267480000e-03,1.000000,0.292070
5.269480000e-03,1.000000,0.293485
5.271480000e-03,1.000000,0.294896
5.273480000e-03,1.000000,0.296305
5.275480000e-03,1.000000,0.297711
5.277480000e-03,1.000000,0.299114
5.279480000e-03,1.000000,0.300515
5.281480000e-03,1.000000,0.301912
5.283480000e-03,1.000000,0.303307
5.285480000e-03,1.000000,0.304699
5.287480000e-03,1.000000,0.306088
5.289480000e-03,1.000000,0.307475
5.291480000e-03,1.000000,0.308858
5.293480000e-03,1.000000,0.310239
5.295480000e-03,1.000000,0.311617
5.297480000e-03,1.000000,0.312993
5.299480000e-03,1.000000,0.314365
5.301480000e-03,1.000000,0.315735
5.303480000e-03,1.000000,0.317103
5.305480000e-03,1.000000,0.318467
5.307480000e-03,1.000000,0.319829
5.309480000e-03,1.000000,0.321188
5.311480000e-03,1.000000,0.322544
5.313480000e-03,1.000000,0.323897
5.315480000e-03,1.000000,0.325248
5.317480000e-03,1.000000,0.326597
5.319480000e-03,1.000000,0.327942
5.321480000e-03,1.000000,0.329285
5.323480000e-03,1.000000,0.330625
5.325480000e-03,1.000000,0.331962
5.327480000e-03,1.000000,0.333297
5.329480000e-03,1.000000,0.334629
5.331480000e-03,1.000000,0.335958
5.333480000e-03,1.000000,0.337285
5.335480000e-03,1.000000,0.338609
5.337480000e-03,1.000000,0.339931
5.339480000e-03,1.000000,0.341250
5.341480000e-03,1.000000,0.342566
5.343480000e-03,1.000000,0.343879
5.345480000e-03,1.000000,0.345190
5.347480000e-03,1.000000,0.346499
5.349480000e-03,1.000000,0.347804
5.351480000e-03,1.000000,0.349107
5.353480000e-03,1.000000,0.350408
5.355480000e-03,1.000000,0.351706
5.357480000e-03,1.000000,0.353001
5.359480000e-03,1.000000,0.354294
5.361480000e-03,1.000000,0.355584
5.363480000e-03,1.000000,0.356871
5.365480000e-03,1.000000,0.358156
5.367480000e-03,1.000000,0.359439
5.369480000e-03,1.000000,0.360719
5.371480000e-03,1.000000,0.361996
5.373480000e-03,1.000000,0.363271
5.375480000e-03,1.000000,0.364543
5.377480000e-03,1.000000,0.365812
5.379480000e-03,1.000000,0.367080
5.381480000e-03,1.000000,0.368344
5.383480000e-03,1.000000,0.369606
5.385480000e-03,1.000000,0.370866
5.387480000e-03,1.000000,0.372123
5.389480000e-03,1.000000,0.373377
5.391480000e-03,1.000000,0.374629
5.393480000e-03,1.000000,0.375879
5.395480000e-03,1.000000,0.377126
5.397480000e-03,1.000000,0.378370
5.399480000e-03,1.000000,0.379612
5.401480000e-03,1.000000,0.380852
5.403480000e-03,1.000000,0.382089
5.405480000e-03,1.000000,0.383323
5.407480000e-03,1.000000,0.384556
5.409480000e-03,1.000000,0.385785
5.411480000e-03,1.000000,0.387012
5.413480000e-03,1.000000,0.388237
5.415480000e-03,1.000000,0.389459
5.417480000e-03,1.000000,0.390679
5.419480000e-03,1.000000,0.391897
5.421480000e-03,1.000000,0.393112
5.423480000e-03,1.000000,0.394324
5.425480000e-03,1.000000,0.395534
5.427480000e-03,1.000000,0.396742
5.429480000e-03,1.000000,0.397947
5.431480000e-03,1.000000,0.399150
5.433480000e-03,1.000000,0.400351
5.435480000e-03,1.000000,0.401549
5.437480000e-03,1.000000,0.402745
5.439480000e-03,1.000000,0.403938
5.441480000e-03,1.000000,0.405129
5.443480000e-03,1.000000,0.406318
5.445480000e-03,1.000000,0.407504
5.447480000e-03,1.000000,0.408687
5.449480000e-03,1.000000,0.409869
5.451480000e-03,1.000000,0.411048
5.453480000e-03,1.000000,0.412225
5.455480000e-03,1.000000,0.413399
5.457480000e-03,1.000000,0.414571
5.459480000e-03,1.000000,0.415741
5.461480000e-03,1.000000,0.416908
5.463480000e-03,1.000000,0.418073
5.465480000e-03,1.000000,0.419236
5.467480000e-03,1.000000,0.420396
5.469480000e-03,1.000000,0.421554
5.471480000e-03,1.000000,0.422710
5.473480000e-03,1.000000,0.423863
5.475480000e-03,1.000000,0.425015
5.477480000e-03,1.000000,0.426163
5.479480000e-03,1.000000,0.427310
5.481480000e-03,1.000000,0.428454
5.483480000e-03,1.000000,0.429596
5.485480000e-03,1.000000,0.430736
5.487480000e-03,1.000000,0.431873
5.489480000e-03,1.000000,0.433008
5.491480000e-03,1.000000,0.434141
5.493480000e-03,1.000000,0.435272
5.495480000e-03,1.000000,0.436400
5.497480000e-03,1.000000,0.437526
5.499480000e-03,1.000000,0.438650
5.501480000e-03,1.000000,0.439772
5.503480000e-03,1.000000,0.440891
5.505480000e-03,1.000000,0.442008
5.507480000e-03,1.000000,0.443123
5.509480000e-03,1.000000,0.444236
5.511480000e-03,1.000000,0.445346
5.513480000e-03,1.000000,0.446454
5.515480000e-03,1.000000,0.447560
5.517480000e-03,1.000000,0.448664
5.519480000e-03,1.000000,0.449765
5.521480000e-03,1.000000,0.450865
5.523480000e-03,1.000000,0.451962
5.525480000e-03,1.000000,0.453057
5.527480000e-03,1.000000,0.454150
5.529480000e-03,1.000000,0.455240
5.531480000e-03,1.000000,0.456329
5.533480000e-03,1.000000,0.457415
5.535480000e-03,1.000000,0.458499
5.537480000e-03,1.000000,0.459581
5.539480000e-03,1.000000,0.460661
5.541480000e-03,1.000000,0.461738
5.543480000e-03,1.000000,0.462814
5.545480000e-03,1.000000,0.463887
5.547480000e-03,1.000000,0.464958
5.549480000e-03,1.000000,0.466027
5.551480000e-03,1.000000,0.467094
5.553480000e-03,1.000000,0.468159
5.555480000e-03,1.000000,0.469222
5.557480000e-03,1.000000,0.470282
5.559480000e-03,1.000000,0.471340
5.561480000e-03,1.000000,0.472397
5.563480000e-03,1.000000,0.473451
5.565480000e-03,1.000000,0.474503
5.567480000e-03,1.000000,0.475553
5.569480000e-03,1.000000,0.476601
5.571480000e-03,1.000000,0.477646
5.573480000e-03,1.000000,0.478690
5.575480000e-03,1.000000,0.479732
5.577480000e-03,1.000000,0.480771
5.579480000e-03,1.000000,0.481809
5.581480000e-03,1.000000,0.482844
5.583480000e-03,1.000000,0.483877
5.585480000e-03,1.000000,0.484908
5.587480000e-03,1.000000,0.485938
5.589480000e-03,1.000000,0.486965
5.591480000e-03,1.000000,0.487990
5.593480000e-03,1.000000,0.489013
5.595480000e-03,1.000000,0.490034
5.597480000e-03,1.000000,0.491053
5.599480000e-03,1.000000,0.492070
5.601480000e-03,1.000000,0.493084
5.603480000e-03,1.000000,0.494097
5.605480000e-03,1.000000,0.495108
5.607480000e-03,1.000000,0.496117
5.609480000e-03,1.000000,0.497124
5.611480000e-03,1.000000,0.498128
5.613480000e-03,1.000000,0.499131
5.615480000e-03,1.000000,0.500132
5.617480000e-03,1.000000,0.501130
5.619480000e-03,1.000000,0.502127
5.621480000e-03,1.000000,0.503122
5.623480000e-03,1.000000,0.504115
5.625480000e-03,1.000000,0.505106
5.627480000e-03,1.000000,0.506094
5.629480000e-03,1.000000,0.507081
5.631480000e-03,1.000000,0.508066
5.633480000e-03,1.000000,0.509049
5.635480000e-03,1.000000,0.510030
5.637480000e-03,1.000000,0.511009
5.639480000e-03,1.000000,0.511986
5.641480000e-03,1.000000,0.512961
5.643480000e-03,1.000000,0.513934
5.645480000e-03,1.000000,0.514905
5.647480000e-03,1.000000,0.515874
5.649480000e-03,1.000000,0.516842
5.651480000e-03,1.000000,0.517807
5.653480000e-03,1.000000,0.518770
5.655480000e-03,1.000000,0.519732
5.657480000e-03,1.000000,0.520691
5.659480000e-03,1.000000,0.521649
5.661480000e-03,1.000000,0.522605
5.663480000e-03,1.000000,0.523559
5.665480000e-03,1.000000,0.524511
5.667480000e-03,1.000000,0.525461
5.669480000e-03,1.000000,0.526409
5.671480000e-03,1.000000,0.527355
5.673480000e-03,1.000000,0.528299
5.675480000e-03,1.000000,0.529242
5.677480000e-03,1.000000,0.530182
5.679480000e-03,1.000000,0.531121
5.681480000e-03,1.000000,0.532058
5.683480000e-03,1.000000,0.532993
5.685480000e-03,1.000000,0.533926
5.687480000e-03,1.000000,0.534857
5.689480000e-03,1.000000,0.535786
5.691480000e-03,1.000000,0.536714
5.693480000e-03,1.000000,0.537640
5.695480000e-03,1.000000,0.538563
5.697480000e-03,1.000000,0.539485
5.699480000e-03,1.000000,0.540406
5.701480000e-03,1.000000,0.541324
5.703480000e-03,1.000000,0.542240
5.705480000e-03,1.000000,0.543155
5.707480000e-03,1.000000,0.544068
5.709480000e-03,1.000000,0.544979
5.711480000e-03,1.000000,0.545888
5.713480000e-03,1.000000,0.546795
5.715480000e-03,1.000000,0.547701
5.717480000e-03,1.000000,0.548604
5.719480000e-03,1.000000,0.549506
5.721480000e-03,1.000000,0.550406
5.723480000e-03,1.000000,0.551304
5.725480000e-03,1.000000,0.552201
5.727480000e-03,1.000000,0.553096
5.729480000e-03,1.000000,0.553989
5.731480000e-03,1.000000,0.554880
5.733480000e-03,1.000000,0.555769
5.735480000e-03,1.000000,0.556657
5.737480000e-03,1.000000,0.557542
5.739480000e-03,1.000000,0.558426
5.741480000e-03,1.000000,0.559309
5.743480000e-03,1.000000,0.560189
5.745480000e-03,1.000000,0.561068
5.747480000e-03,1.000000,0.561945
5.749480000e-03,1.000000,0.562820
5.751480000e-03,1.000000,0.563694
5.753480000e-03,1.000000,0.564565
5.755480000e-03,1.000000,0.565435
5.757480000e-03,1.000000,0.566304
5.759480000e-03,1.000000,0.567170
5.761480000e-03,1.000000,0.568035
5.763480000e-03,1.000000,0.568898
5.765480000e-03,1.000000,0.569759
5.767480000e-03,1.000000,0.570619
5.769480000e-03,1.000000,0.571477
5.771480000e-03,1.000000,0.572333
5.773480000e-03,1.000000,0.573188
5.775480000e-03,1.000000,0.574040
5.777480000e-03,1.000000,0.574891
5.779480000e-03,1.000000,0.575741
5.781480000e-03,1.000000,0.576588
5.783480000e-03,1.000000,0.577434
5.785480000e-03,1.000000,0.578279
5.787480000e-03,1.000000,0.579121
5.789480000e-03,1.000000,0.579962
5.791480000e-03,1.000000,0.580802
5.793480000e-03,1.000000,0.581639
5.795480000e-03,1.000000,0.582475
5.797480000e-03,1.000000,0.583309
5.799480000e-03,1.000000,0.584142
5.801480000e-03,1.000000,0.584973
5.803480000e-03,1.000000,0.585802
5.805480000e-03,1.000000,0.586629
5.807480000e-03,1.000000,0.587455
5.809480000e-03,1.000000,0.588280
5.811480000e-03,1.000000,0.589102
5.813480000e-03,1.000000,0.589923
5.815480000e-03,1.000000,0.590743
5.817480000e-03,1.000000,0.591560
5.819480000e-03,1.000000,0.592376
5.821480000e-03,1.000000,0.593191
5.823480000e-03,1.000000,0.594004
5.825480000e-03,1.000000,0.594815
5.827480000e-03,1.000000,0.595624
5.829480000e-03,1.000000,0.596432
5.831480000e-03,1.000000,0.597239
5.833480000e-03,1.000000,0.598043
5.835480000e-03,1.000000,0.598846
5.837480000e-03,1.000000,0.599648
5.839480000e-03,1.000000,0.600448
5.841480000e-03,1.000000,0.601246
5.843480000e-03,1.000000,0.602043
5.845480000e-03,1.000000,0.602838
5.847480000e-03,1.000000,0.603631
5.849480000e-03,1.000000,0.604423
5.851480000e-03,1.000000,0.605214
5.853480000e-03,1.000000,0.606003
5.855480000e-03,1.000000,0.606790
5.857480000e-03,1.000000,0.607575
5.859480000e-03,1.000000,0.608359
5.861480000e-03,1.000000,0.609142
5.863480000e-03,1.000000,0.609923
5.865480000e-03,1.000000,0.610702
5.867480000e-03,1.000000,0.611480
5.869480000e-03,1.000000,0.612256
5.871480000e-03,1.000000,0.613031
5.873480000e-03,1.000000,0.613804
5.875480000e-03,1.000000,0.614576
5.877480000e-03,1.000000,0.615346
5.879480000e-03,1.000000,0.616114
5.881480000e-03,1.000000,0.616881
5.883480000e-03,1.000000,0.617647
5.885480000e-03,1.000000,0.618411
5.887480000e-03,1.000000,0.619173
5.889480000e-03,1.000000,0.619934
5.891480000e-03,1.000000,0.620694
5.893480000e-03,1.000000,0.621451
5.895480000e-03,1.000000,0.622208
5.897480000e-03,1.000000,0.622963
5.899480000e-03,1.000000,0.623716
5.901480000e-03,1.000000,0.624468
5.903480000e-03,1.000000,0.625218
5.905480000e-03,1.000000,0.625967
5.907480000e-03,1.000000,0.626714
5.909480000e-03,1.000000,0.627460
5.911480000e-03,1.000000,0.628204
5.913480000e-03,1.000000,0.628947
5.915480000e-03,1.000000,0.629689
5.917480000e-03,1.000000,0.630428
5.919480000e-03,1.000000,0.631167
5.921480000e-03,1.000000,0.631904
5.923480000e-03,1.000000,0.632639
5.925480000e-03,1.000000,0.633373
5.927480000e-03,1.000000,0.634106
5.929480000e-03,1.000000,0.634837
5.931480000e-03,1.000000,0.635566
5.933480000e-03,1.000000,0.636294
5.935480000e-03,1.000000,0.637021
5.937480000e-03,1.000000,0.637746
5.939480000e-03,1.000000,0.638470
5.941480000e-03,1.000000,0.639193
5.943480000e-03,1.000000,0.639913
5.945480000e-03,1.000000,0.640633
5.947480000e-03,1.000000,0.641351
5.949480000e-03,1.000000,0.642067
5.951480000e-03,1.000000,0.642783
5.953480000e-03,1.000000,0.643496
5.955480000e-03,1.000000,0.644209
5.957480000e-03,1.000000,0.644920
5.959480000e-03,1.000000,0.645629
5.961480000e-03,1.000000,0.646337
5.963480000e-03,1.000000,0.647044
5.965480000e-03,1.000000,0.647749
5.967480000e-03,1.000000,0.648453
5.969480000e-03,1.000000,0.649155
5.971480000e-03,1.000000,0.649856
5.973480000e-03,1.000000,0.650556
5.975480000e-03,1.000000,0.651254
5.977480000e-03,1.000000,0.651951
5.979480000e-03,1.000000,0.652646
5.981480000e-03,1.000000,0.653340
5.983480000e-03,1.000000,0.654033
5.985480000e-03,1.000000,0.654724
5.987480000e-03,1.000000,0.655414
5.989480000e-03,1.000000,0.656102
5.991480000e-03,1.000000,0.656789
5.993480000e-03,1.000000,0.657475
5.995480000e-03,1.000000,0.658159
5.997480000e-03,1.000000,0.658842
5.999480000e-03,1.000000,0.659524
6.001480000e-03,1.000000,0.660204
6.003480000e-03,1.000000,0.660883
6.005480000e-03,1.000000,0.661561
6.007480000e-03,1.000000,0.662237
6.009480000e-03,1.000000,0.662912
6.011480000e-03,1.000000,0.663585
6.013480000e-03,1.000000,0.664258
6.015480000e-03,1.000000,0.664928
6.017480000e-03,1.000000,0.665598
6.019480000e-03,1.000000,0.666266
6.021480000e-03,1.000000,0.666933
6.023480000e-03,1.000000,0.667598
6.025480000e-03,1.000000,0.668262
6.027480000e-03,1.000000,0.668925
6.029480000e-03,1.000000,0.669587
6.031480000e-03,1.000000,0.670247
6.033480000e-03,1.000000,0.670906
6.035480000e-03,1.000000,0.671563
6.037480000e-03,1.000000,0.672219
6.039480000e-03,1.000000,0.672874
6.041480000e-03,1.000000,0.673528
6.043480000e-03,1.000000,0.674180
6.045480000e-03,1.000000,0.674831
6.047480000e-03,1.000000,0.675481
6.049480000e-03,1.000000,0.676129
6.051480000e-03,1.000000,0.676776
6.053480000e-03,1.000000,0.677422
6.055480000e-03,1.000000,0.678067
6.057480000e-03,1.000000,0.678710
6.059480000e-03,1.000000,0.679352
6.061480000e-03,1.000000,0.679992
6.063480000e-03,1.000000,0.680632
6.065480000e-03,1.000000,0.681270
6.067480000e-03,1.000000,0.681907
6.069480000e-03,1.000000,0.682542
6.071480000e-03,1.000000,0.683177
6.073480000e-03,1.000000,0.683810
6.075480000e-03,1.000000,0.684441
6.077480000e-03,1.000000,0.685072
6.079480000e-03,1.000000,0.685701
6.081480000e-03,1.000000,0.686329
6.083480000e-03,1.000000,0.686956
6.085480000e-03,1.000000,0.687581
6.087480000e-03,1.000000,0.688205
6.089480000e-03,1.000000,0.688828
6.091480000e-03,1.000000,0.689450
6.093480000e-03,1.000000,0.690071
6.095480000e-03,1.000000,0.690690
6.097480000e-03,1.000000,0.691308
6.099480000e-03,1.000000,0.691925
6.101480000e-03,1.000000,0.692540
6.103480000e-03,1.000000,0.693154
6.105480000e-03,1.000000,0.693768
6.107480000e-03,1.000000,0.694379
6.109480000e-03,1.000000,0.694990
6.111480000e-03,1.000000,0.695599
6.113480000e-03,1.000000,0.696208
6.115480000e-03,1.000000,0.696815
6.117480000e-03,1.000000,0.697420
6.119480000e-03,1.000000,0.698025
6.121480000e-03,1.000000,0.698628
6.123480000e-03,1.000000,0.699230
6.125480000e-03,1.000000,0.699831
6.127480000e-03,1.000000,0.700431
6.129480000e-03,1.000000,0.701030
6.131480000e-03,1.000000,0.701627
6.133480000e-03,1.000000,0.702223
6.135480000e-03,1.000000,0.702818
6.137480000e-03,1.000000,0.703412
6.139480000e-03,1.000000,0.704004
6.141480000e-03,1.000000,0.704596
6.143480000e-03,1.000000,0.705186
6.145480000e-03,1.000000,0.705775
6.147480000e-03,1.000000,0.706363
6.149480000e-03,1.000000,0.706950
6.151480000e-03,1.000000,0.707535
6.153480000e-03,1.000000,0.708120
6.155480000e-03,1.000000,0.708703
6.157480000e-03,1.000000,0.709285
6.159480000e-03,1.000000,0.709866
6.161480000e-03,1.000000,0.710445
6.163480000e-03,1.000000,0.711024
6.165480000e-03,1.000000,0.711601
6.167480000e-03,1.000000,0.712177
6.169480000e-03,1.000000,0.712752
6.171480000e-03,1.000000,0.713326
6.173480000e-03,1.000000,0.713899
6.175480000e-03,1.000000,0.714471
6.177480000e-03,1.000000,0.715041
6.179480000e-03,1.000000,0.715611
6.181480000e-03,1.000000,0.716179
6.183480000e-03,1.000000,0.716746
6.185480000e-03,1.000000,0.717312
6.187480000e-03,1.000000,0.717877
6.189480000e-03,1.000000,0.718440
6.191480000e-03,1.000000,0.719003
6.193480000e-03,1.000000,0.719564
6.195480000e-03,1.000000,0.720125
6.197480000e-03,1.000000,0.720684
6.199480000e-03,1.000000,0.721242
6.201480000e-03,1.000000,0.721799
6.203480000e-03,1.000000,0.722355
6.205480000e-03,1.000000,0.722909
6.207480000e-03,1.000000,0.723463
6.209480000e-03,1.000000,0.724016
6.211480000e-03,1.000000,0.724567
6.213480000e-03,1.000000,0.725117
6.215480000e-03,1.000000,0.725667
6.217480000e-03,1.000000,0.726215
6.219480000e-03,1.000000,0.726762
6.221480000e-03,1.000000,0.727308
6.223480000e-03,1.000000,0.727852
6.225480000e-03,1.000000,0.728396
6.227480000e-03,1.000000,0.728939
6.229480000e-03,1.000000,0.729480
6.231480000e-03,1.000000,0.730021
6.233480000e-03,1.000000,0.730560
6.235480000e-03,1.000000,0.731099
6.237480000e-03,1.000000,0.731636
6.239480000e-03,1.000000,0.732172
6.241480000e-03,1.000000,0.732707
6.243480000e-03,1.000000,0.733241
6.245480000e-03,1.000000,0.733774
6.247480000e-03,1.000000,0.734306
6.249480000e-03,1.000000,0.734837
6.251480000e-03,1.000000,0.735367
6.253480000e-03,1.000000,0.735896
6.255480000e-03,1.000000,0.736423
6.257480000e-03,1.000000,0.736950
6.259480000e-03,1.000000,0.737476
6.261480000e-03,1.000000,0.738000
6.263480000e-03,1.000000,0.738524
6.265480000e-03,1.000000,0.739046
6.267480000e-03,1.000000,0.739567
6.269480000e-03,1.000000,0.740088
6.271480000e-03,1.000000,0.740607
6.273480000e-03,1.000000,0.741125
6.275480000e-03,1.000000,0.741642
6.277480000e-03,1.000000,0.742159
6.279480000e-03,1.000000,0.742674
6.281480000e-03,1.000000,0.743188
6.283480000e-03,1.000000,0.743701
6.285480000e-03,1.000000,0.744213
6.287480000e-03,1.000000,0.744724
6.289480000e-03,1.000000,0.745234
6.291480000e-03,1.000000,0.745743
6.293480000e-03,1.000000,0.746251
6.295480000e-03,1.000000,0.746758
6.297480000e-03,1.000000,0.747264
6.299480000e-03,1.000000,0.747769
6.301480000e-03,1.000000,0.748273
6.303480000e-03,1.000000,0.748776
6.305480000e-03,1.000000,0.749278
6.307480000e-03,1.000000,0.749779
6.309480000e-03,1.000000,0.750279
6.311480000e-03,1.000000,0.750778
6.313480000e-03,1.000000,0.751276
6.315480000e-03,1.000000,0.751773
6.317480000e-03,1.000000,0.752269
6.319480000e-03,1.000000,0.752764
6.321480000e-03,1.000000,0.753258
6.323480000e-03,1.000000,0.753751
6.325480000e-03,1.000000,0.754243
6.327480000e-03,1.000000,0.754734
6.329480000e-03,1.000000,0.755224
6.331480000e-03,1.000000,0.755713
6.333480000e-03,1.000000,0.756201
6.335480000e-03,1.000000,0.756688
6.337480000e-03,1.000000,0.757174
6.339480000e-03,1.000000,0.757659
6.341480000e-03,1.000000,0.758144
6.343480000e-03,1.000000,0.758627
6.345480000e-03,1.000000,0.759109
6.347480000e-03,1.000000,0.759590
6.349480000e-03,1.000000,0.760071
6.351480000e-03,1.000000,0.760550
6.353480000e-03,1.000000,0.761028
6.355480000e-03,1.000000,0.761506
6.357480000e-03,1.000000,0.761982
6.359480000e-03,1.000000,0.762458
6.361480000e-03,1.000000,0.762933
6.363480000e-03,1.000000,0.763406
6.365480000e-03,1.000000,0.763879
6.367480000e-03,1.000000,0.764351
6.369480000e-03,1.000000,0.764822
6.371480000e-03,1.000000,0.765291
6.373480000e-03,1.000000,0.765760
6.375480000e-03,1.000000,0.766228
6.377480000e-03,1.000000,0.766696
6.379480000e-03,1.000000,0.767162
6.381480000e-03,1.000000,0.767627
6.383480000e-03,1.000000,0.768091
6.385480000e-03,1.000000,0.768555
6.387480000e-03,1.000000,0.769017
6.389480000e-03,1.000000,0.769478
6.391480000e-03,1.000000,0.769939
6.393480000e-03,1.000000,0.770399
6.395480000e-03,1.000000,0.770857
6.397480000e-03,1.000000,0.771315
6.399480000e-03,1.000000,0.771772
6.401480000e-03,1.000000,0.772228
6.403480000e-03,1.000000,0.772683
6.405480000e-03,1.000000,0.773137
6.407480000e-03,1.000000,0.773591
6.409480000e-03,1.000000,0.774043
6.411480000e-03,1.000000,0.774495
6.413480000e-03,1.000000,0.774945
6.415480000e-03,1.000000,0.775395
6.417480000e-03,1.000000,0.775844
6.419480000e-03,1.000000,0.776291
6.421480000e-03,1.000000,0.776738
6.423480000e-03,1.000000,0.777184
6.425480000e-03,1.000000,0.777630
6.427480000e-03,1.000000,0.778074
6.429480000e-03,1.000000,0.778517
6.431480000e-03,1.000000,0.778960
6.433480000e-03,1.000000,0.779401
6.435480000e-03,1.000000,0.779842
6.437480000e-03,1.000000,0.780282
6.439480000e-03,1.000000,0.780721
6.441480000e-03,1.000000,0.781159
6.443480000e-03,1.000000,0.781596
6.445480000e-03,1.000000,0.782033
6.447480000e-03,1.000000,0.782468
6.449480000e-03,1.000000,0.782903
6.451480000e-03,1.000000,0.783337
6.453480000e-03,1.000000,0.783770
6.455480000e-03,1.000000,0.784202
6.457480000e-03,1.000000,0.784633
6.459480000e-03,1.000000,0.785063
6.461480000e-03,1.000000,0.785493
6.463480000e-03,1.000000,0.785921
6.465480000e-03,1.000000,0.786349
6.467480000e-03,1.000000,0.786776
6.469480000e-03,1.000000,0.787202
6.471480000e-03,1.000000,0.787627
6.473480000e-03,1.000000,0.788051
6.475480000e-03,1.000000,0.788475
6.477480000e-03,1.000000,0.788897
6.479480000e-03,1.000000,0.789319
6.481480000e-03,1.000000,0.789740
6.483480000e-03,1.000000,0.790160
6.485480000e-03,1.000000,0.790579
6.487480000e-03,1.000000,0.790998
6.489480000e-03,1.000000,0.791415
6.491480000e-03,1.000000,0.791832
6.493480000e-03,1.000000,0.792248
6.495480000e-03,1.000000,0.792663
6.497480000e-03,1.000000,0.793078
6.499480000e-03,1.000000,0.793491
6.501480000e-03,1.000000,0.793904
6.503480000e-03,1.000000,0.794315
6.505480000e-03,1.000000,0.794726
6.507480000e-03,1.000000,0.795136
6.509480000e-03,1.000000,0.795546
6.511480000e-03,1.000000,0.795954
6.513480000e-03,1.000000,0.796362
6.515480000e-03,1.000000,0.796769
6.517480000e-03,1.000000,0.797175
6.519480000e-03,1.000000,0.797580
6.521480000e-03,1.000000,0.797985
6.523480000e-03,1.000000,0.798388
6.525480000e-03,1.000000,0.798791
6.527480000e-03,1.000000,0.799193
6.529480000e-03,1.000000,0.799594
6.531480000e-03,1.000000,0.799995
6.533480000e-03,1.000000,0.800394
6.535480000e-03,1.000000,0.800793
6.537480000e-03,1.000000,0.801191
6.539480000e-03,1.000000,0.801588
6.541480000e-03,1.000000,0.801985
6.543480000e-03,1.000000,0.802380
6.545480000e-03,1.000000,0.802775
6.547480000e-03,1.000000,0.803169
6.549480000e-03,1.000000,0.803563
6.551480000e-03,1.000000,0.803955
6.553480000e-03,1.000000,0.804347
6.555480000e-03,1.000000,0.804738
6.557480000e-03,1.000000,0.805128
6.559480000e-03,1.000000,0.805517
6.561480000e-03,1.000000,0.805906
6.563480000e-03,1.000000,0.806293
6.565480000e-03,1.000000,0.806680
6.567480000e-03,1.000000,0.807067
6.569480000e-03,1.000000,0.807452
6.571480000e-03,1.000000,0.807837
6.573480000e-03,1.000000,0.808221
6.575480000e-03,1.000000,0.808604
6.577480000e-03,1.000000,0.808986
6.579480000e-03,1.000000,0.809368
6.581480000e-03,1.000000,0.809749
6.583480000e-03,1.000000,0.810129
6.585480000e-03,1.000000,0.810508
6.587480000e-03,1.000000,0.810887
6.589480000e-03,1.000000,0.811265
6.591480000e-03,1.000000,0.811642
6.593480000e-03,1.000000,0.812018
6.595480000e-03,1.000000,0.812394
6.597480000e-03,1.000000,0.812769
6.599480000e-03,1.000000,0.813143
6.601480000e-03,1.000000,0.813516
6.603480000e-03,1.000000,0.813889
6.605480000e-03,1.000000,0.814261
6.607480000e-03,1.000000,0.814632
6.609480000e-03,1.000000,0.815002
6.611480000e-03,1.000000,0.815372
6.613480000e-03,1.000000,0.815741
6.615480000e-03,1.000000,0.816109
6.617480000e-03,1.000000,0.816476
6.619480000e-03,1.000000,0.816843
6.621480000e-03,1.000000,0.817209
6.623480000e-03,1.000000,0.817574
6.625480000e-03,1.000000,0.817939
6.627480000e-03,1.000000,0.818302
6.629480000e-03,1.000000,0.818665
6.631480000e-03,1.000000,0.819028
6.633480000e-03,1.000000,0.819389
6.635480000e-03,1.000000,0.819750
6.637480000e-03,1.000000,0.820110
6.639480000e-03,1.000000,0.820470
6.641480000e-03,1.000000,0.820828
6.643480000e-03,1.000000,0.821186
6.645480000e-03,1.000000,0.821544
6.647480000e-03,1.000000,0.821900
6.649480000e-03,1.000000,0.822256
6.651480000e-03,1.000000,0.822611
6.653480000e-03,1.000000,0.822966
6.655480000e-03,1.000000,0.823319
6.657480000e-03,1.000000,0.823672
6.659480000e-03,1.000000,0.824025
6.661480000e-03,1.000000,0.824376
6.663480000e-03,1.000000,0.824727
6.665480000e-03,1.000000,0.825077
6.667480000e-03,1.000000,0.825427
6.669480000e-03,1.000000,0.825776
6.671480000e-03,1.000000,0.826124
6.673480000e-03,1.000000,0.826471
6.675480000e-03,1.000000,0.826818
6.677480000e-03,1.000000,0.827164
6.679480000e-03,1.000000,0.827509
6.681480000e-03,1.000000,0.827854
6.683480000e-03,1.000000,0.828198
6.685480000e-03,1.000000,0.828541
6.687480000e-03,1.000000,0.828884
6.689480000e-03,1.000000,0.829225
6.691480000e-03,1.000000,0.829567
6.693480000e-03,1.000000,0.829907
6.695480000e-03,1.000000,0.830247
6.697480000e-03,1.000000,0.830586
6.699480000e-03,1.000000,0.830925
6.701480000e-03,1.000000,0.831263
6.703480000e-03,1.000000,0.831600
6.705480000e-03,1.000000,0.831936
6.707480000e-03,1.000000,0.832272
6.709480000e-03,1.000000,0.832607
6.711480000e-03,1.000000,0.832941
6.713480000e-03,1.000000,0.833275
6.715480000e-03,1.000000,0.833608
6.717480000e-03,1.000000,0.833941
6.719480000e-03,1.000000,0.834273
6.721480000e-03,1.000000,0.834604
6.723480000e-03,1.000000,0.834934
6.725480000e-03,1.000000,0.835264
6.727480000e-03,1.000000,0.835593
6.729480000e-03,1.000000,0.835922
6.731480000e-03,1.000000,0.836249
6.733480000e-03,1.000000,0.836577
6.735480000e-03,1.000000,0.836903
6.737480000e-03,1.000000,0.837229
6.739480000e-03,1.000000,0.837554
6.741480000e-03,1.000000,0.837879
6.743480000e-03,1.000000,0.838203
6.745480000e-03,1.000000,0.838526
6.747480000e-03,1.000000,0.838849
6.749480000e-03,1.000000,0.839171
6.751480000e-03,1.000000,0.839492
6.753480000e-03,1.000000,0.839813
6.755480000e-03,1.000000,0.840133
6.757480000e-03,1.000000,0.840452
6.759480000e-03,1.000000,0.840771
6.761480000e-03,1.000000,0.841089
6.763480000e-03,1.000000,0.841407
6.765480000e-03,1.000000,0.841723
6.767480000e-03,1.000000,0.842040
6.769480000e-03,1.000000,0.842355
6.771480000e-03,1.000000,0.842670
6.773480000e-03,1.000000,0.842985
6.775480000e-03,1.000000,0.843298
6.777480000e-03,1.000000,0.843611
6.779480000e-03,1.000000,0.843924
6.781480000e-03,1.000000,0.844236
6.783480000e-03,1.000000,0.844547
6.785480000e-03,1.000000,0.844857
6.787480000e-03,1.000000,0.845167
6.789480000e-03,1.000000,0.845477
6.791480000e-03,1.000000,0.845786
6.793480000e-03,1.000000,0.846094
6.795480000e-03,1.000000,0.846401
6.797480000e-03,1.000000,0.846708
6.799480000e-03,1.000000,0.847014
6.801480000e-03,1.000000,0.847320
6.803480000e-03,1.000000,0.847625
6.805480000e-03,1.000000,0.847930
6.807480000e-03,1.000000,0.848233
6.809480000e-03,1.000000,0.848537
6.811480000e-03,1.000000,0.848839
6.813480000e-03,1.000000,0.849141
6.815480000e-03,1.000000,0.849443
6.817480000e-03,1.000000,0.849743
6.819480000e-03,1.000000,0.850044
6.821480000e-03,1.000000,0.850343
6.823480000e-03,1.000000,0.850642
6.825480000e-03,1.000000,0.850941
6.827480000e-03,1.000000,0.851239
6.829480000e-03,1.000000,0.851536
6.831480000e-03,1.000000,0.851832
6.833480000e-03,1.000000,0.852128
6.835480000e-03,1.000000,0.852424
6.837480000e-03,1.000000,0.852719
6.839480000e-03,1.000000,0.853013
6.841480000e-03,1.000000,0.853307
6.843480000e-03,1.000000,0.853600
6.845480000e-03,1.000000,0.853892
6.847480000e-03,1.000000,0.854184
6.849480000e-03,1.000000,0.854476
6.851480000e-03,1.000000,0.854766
6.853480000e-03,1.000000,0.855056
6.855480000e-03,1.000000,0.855346
6.857480000e-03,1.000000,0.855635
6.859480000e-03,1.000000,0.855924
6.861480000e-03,1.000000,0.856211
6.863480000e-03,1.000000,0.856499
6.865480000e-03,1.000000,0.856785
6.867480000e-03,1.000000,0.857072
6.869480000e-03,1.000000,0.857357
6.871480000e-03,1.000000,0.857642
6.873480000e-03,1.000000,0.857927
6.875480000e-03,1.000000,0.858210
6.877480000e-03,1.000000,0.858494
6.879480000e-03,1.000000,0.858776
6.881480000e-03,1.000000,0.859059
6.883480000e-03,1.000000,0.859340
6.885480000e-03,1.000000,0.859621
6.887480000e-03,1.000000,0.859902
6.889480000e-03,1.000000,0.860182
6.891480000e-03,1.000000,0.860461
6.893480000e-03,1.000000,0.860740
6.895480000e-03,1.000000,0.861018
6.897480000e-03,1.000000,0.861296
6.899480000e-03,1.000000,0.861573
6.901480000e-03,1.000000,0.861849
6.903480000e-03,1.000000,0.862125
6.905480000e-03,1.000000,0.862401
6.907480000e-03,1.000000,0.862676
6.909480000e-03,1.000000,0.862950
6.911480000e-03,1.000000,0.863224
6.913480000e-03,1.000000,0.863497
6.915480000e-03,1.000000,0.863770
6.917480000e-03,1.000000,0.864042
6.919480000e-03,1.000000,0.864314
6.921480000e-03,1.000000,0.864585
6.923480000e-03,1.000000,0.864856
6.925480000e-03,1.000000,0.865126
6.927480000e-03,1.000000,0.865395
6.929480000e-03,1.000000,0.865664
6.931480000e-03,1.000000,0.865932
6.933480000e-03,1.000000,0.866200
6.935480000e-03,1.000000,0.866468
6.937480000e-03,1.000000,0.866734
6.939480000e-03,1.000000,0.867001
6.941480000e-03,1.000000,0.867266
6.943480000e-03,1.000000,0.867532
6.945480000e-03,1.000000,0.867796
6.947480000e-03,1.000000,0.868060
6.949480000e-03,1.000000,0.868324
6.951480000e-03,1.000000,0.868587
6.953480000e-03,1.000000,0.868850
6.955480000e-03,1.000000,0.869112
6.957480000e-03,1.000000,0.869373
6.959480000e-03,1.000000,0.869634
6.961480000e-03,1.000000,0.869895
6.963480000e-03,1.000000,0.870155
6.965480000e-03,1.000000,0.870414
6.967480000e-03,1.000000,0.870673
6.969480000e-03,1.000000,0.870931
6.971480000e-03,1.000000,0.871189
6.973480000e-03,1.000000,0.871447
6.975480000e-03,1.000000,0.871703
6.977480000e-03,1.000000,0.871960
6.979480000e-03,1.000000,0.872216
6.981480000e-03,1.000000,0.872471
6.983480000e-03,1.000000,0.872726
6.985480000e-03,1.000000,0.872980
6.987480000e-03,1.000000,0.873234
6.989480000e-03,1.000000,0.873487
6.991480000e-03,1.000000,0.873740
6.993480000e-03,1.000000,0.873992
6.995480000e-03,1.000000,0.874244
6.997480000e-03,1.000000,0.874495
6.999480000e-03,1.000000,0.874746
7.001480000e-03,1.000000,0.874996
7.003480000e-03,1.000000,0.875246
7.005480000e-03,1.000000,0.875495
7.007480000e-03,1.000000,0.875744
7.009480000e-03,1.000000,0.875992
7.011480000e-03,1.000000,0.876240
7.013480000e-03,1.000000,0.876487
7.015480000e-03,1.000000,0.876734
7.017480000e-03,1.000000,0.876980
7.019480000e-03,1.000000,0.877226
7.021480000e-03,1.000000,0.877471
7.023480000e-03,1.000000,0.877716
7.025480000e-03,1.000000,0.877961
7.027480000e-03,1.000000,0.878204
7.029480000e-03,1.000000,0.878448
7.031480000e-03,1.000000,0.878691
7.033480000e-03,1.000000,0.878933
7.035480000e-03,1.000000,0.879175
7.037480000e-03,1.000000,0.879416
7.039480000e-03,1.000000,0.879657
7.041480000e-03,1.000000,0.879898
7.043480000e-03,1.000000,0.880138
7.045480000e-03,1.000000,0.880377
7.047480000e-03,1.000000,0.880616
7.049480000e-03,1.000000,0.880855
7.051480000e-03,1.000000,0.881093
7.053480000e-03,1.000000,0.881330
7.055480000e-03,1.000000,0.881567
7.057480000e-03,1.000000,0.881804
7.059480000e-03,1.000000,0.882040
7.061480000e-03,1.000000,0.882276
7.063480000e-03,1.000000,0.882511
7.065480000e-03,1.000000,0.882746
7.067480000e-03,1.000000,0.882980
7.069480000e-03,1.000000,0.883214
7.071480000e-03,1.000000,0.883447
7.073480000e-03,1.000000,0.883680
7.075480000e-03,1.000000,0.883913
7.077480000e-03,1.000000,0.884144
7.079480000e-03,1.000000,0.884376
7.081480000e-03,1.000000,0.884607
7.083480000e-03,1.000000,0.884838
7.085480000e-03,1.000000,0.885068
7.087480000e-03,1.000000,0.885297
7.089480000e-03,1.000000,0.885526
7.091480000e-03,1.000000,0.885755
7.093480000e-03,1.000000,0.885983
7.095480000e-03,1.000000,0.886211
7.097480000e-03,1.000000,0.886439
7.099480000e-03,1.000000,0.886665
7.101480000e-03,1.000000,0.886892
7.103480000e-03,1.000000,0.887118
7.105480000e-03,1.000000,0.887343
7.107480000e-03,1.000000,0.887569
7.109480000e-03,1.000000,0.887793
7.111480000e-03,1.000000,0.888017
7.113480000e-03,1.000000,0.888241
7.115480000e-03,1.000000,0.888464
7.117480000e-03,1.000000,0.888687
7.119480000e-03,1.000000,0.888910
7.121480000e-03,1.000000,0.889132
7.123480000e-03,1.000000,0.889353
7.125480000e-03,1.000000,0.889574
7.127480000e-03,1.000000,0.889795
7.129480000e-03,1.000000,0.890015
7.131480000e-03,1.000000,0.890235
7.133480000e-03,1.000000,0.890454
7.135480000e-03,1.000000,0.890673
7.137480000e-03,1.000000,0.890891
7.139480000e-03,1.000000,0.891109
7.141480000e-03,1.000000,0.891327
7.143480000e-03,1.000000,0.891544
7.145480000e-03,1.000000,0.891761
7.147480000e-03,1.000000,0.891977
7.149480000e-03,1.000000,0.892193
7.151480000e-03,1.000000,0.892408
7.153480000e-03,1.000000,0.892623
7.155480000e-03,1.000000,0.892838
7.157480000e-03,1.000000,0.893052
7.159480000e-03,1.000000,0.893266
7.161480000e-03,1.000000,0.893479
7.163480000e-03,1.000000,0.893692
7.165480000e-03,1.000000,0.893904
7.167480000e-03,1.000000,0.894116
7.169480000e-03,1.000000,0.894328
7.171480000e-03,1.000000,0.894539
7.173480000e-03,1.000000,0.894749
7.175480000e-03,1.000000,0.894960
7.177480000e-03,1.000000,0.895170
7.179480000e-03,1.000000,0.895379
7.181480000e-03,1.000000,0.895588
7.183480000e-03,1.000000,0.895797
7.185480000e-03,1.000000,0.896005
7.187480000e-03,1.000000,0.896213
7.189480000e-03,1.000000,0.896420
7.191480000e-03,1.000000,0.896627
7.193480000e-03,1.000000,0.896834
7.195480000e-03,1.000000,0.897040
7.197480000e-03,1.000000,0.897245
7.199480000e-03,1.000000,0.897451
7.201480000e-03,1.000000,0.897656
7.203480000e-03,1.000000,0.897860
7.205480000e-03,1.000000,0.898064
7.207480000e-03,1.000000,0.898268
7.209480000e-03,1.000000,0.898471
7.211480000e-03,1.000000,0.898674
7.213480000e-03,1.000000,0.898876
7.215480000e-03,1.000000,0.899078
7.217480000e-03,1.000000,0.899280
7.219480000e-03,1.000000,0.899481
7.221480000e-03,1.000000,0.899682
7.223480000e-03,1.000000,0.899883
7.225480000e-03,1.000000,0.900083
7.227480000e-03,1.000000,0.900282
7.229480000e-03,1.000000,0.900481
7.231480000e-03,1.000000,0.900680
7.233480000e-03,1.000000,0.900879
7.235480000e-03,1.000000,0.901077
7.237480000e-03,1.000000,0.901274
7.239480000e-03,1.000000,0.901472
7.241480000e-03,1.000000,0.901669
7.243480000e-03,1.000000,0.901865
7.245480000e-03,1.000000,0.902061
7.247480000e-03,1.000000,0.902257
7.249480000e-03,1.000000,0.902452
7.251480000e-03,1.000000,0.902647
7.253480000e-03,1.000000,0.902841
7.255480000e-03,1.000000,0.903036
7.257480000e-03,1.000000,0.903229
7.259480000e-03,1.000000,0.903423
7.261480000e-03,1.000000,0.903616
7.263480000e-03,1.000000,0.903808
7.265480000e-03,1.000000,0.904000
7.267480000e-03,1.000000,0.904192
7.269480000e-03,1.000000,0.904384
7.271480000e-03,1.000000,0.904575
7.273480000e-03,1.000000,0.904765
7.275480000e-03,1.000000,0.904956
7.277480000e-03,1.000000,0.905146
7.279480000e-03,1.000000,0.905335
7.281480000e-03,1.000000,0.905524
7.283480000e-03,1.000000,0.905713
7.285480000e-03,1.000000,0.905901
7.287480000e-03,1.000000,0.906089
7.289480000e-03,1.000000,0.906277
7.291480000e-03,1.000000,0.906464
7.293480000e-03,1.000000,0.906651
7.295480000e-03,1.000000,0.906838
7.297480000e-03,1.000000,0.907024
7.299480000e-03,1.000000,0.907210
7.301480000e-03,1.000000,0.907395
7.303480000e-03,1.000000,0.907580
7.305480000e-03,1.000000,0.907765
7.307480000e-03,1.000000,0.907949
7.309480000e-03,1.000000,0.908133
7.311480000e-03,1.000000,0.908316
7.313480000e-03,1.000000,0.908500
7.315480000e-03,1.000000,0.908682
7.317480000e-03,1.000000,0.908865
7.319480000e-03,1.000000,0.909047
7.321480000e-03,1.000000,0.909229
7.323480000e-03,1.000000,0.909410
7.325480000e-03,1.000000,0.909591
7.327480000e-03,1.000000,0.909772
7.329480000e-03,1.000000,0.909952
7.331480000e-03,1.000000,0.910132
7.333480000e-03,1.000000,0.910311
7.335480000e-03,1.000000,0.910491
7.337480000e-03,1.000000,0.910669
7.339480000e-03,1.000000,0.910848
7.341480000e-03,1.000000,0.911026
7.343480000e-03,1.000000,0.911204
7.345480000e-03,1.000000,0.911381
7.347480000e-03,1.000000,0.911558
7.349480000e-03,1.000000,0.911735
7.351480000e-03,1.000000,0.911911
7.353480000e-03,1.000000,0.912087
7.355480000e-03,1.000000,0.912263
7.357480000e-03,1.000000,0.912438
7.359480000e-03,1.000000,0.912613
7.361480000e-03,1.000000,0.912788
7.363480000e-03,1.000000,0.912962
7.365480000e-03,1.000000,0.913136
7.367480000e-03,1.000000,0.913310
7.369480000e-03,1.000000,0.913483
7.371480000e-03,1.000000,0.913656
7.373480000e-03,1.000000,0.913828
7.375480000e-03,1.000000,0.914000
7.377480000e-03,1.000000,0.914172
7.379480000e-03,1.000000,0.914344
7.381480000e-03,1.000000,0.914515
7.383480000e-03,1.000000,0.914686
7.385480000e-03,1.000000,0.914856
7.387480000e-03,1.000000,0.915026
7.389480000e-03,1.000000,0.915196
7.391480000e-03,1.000000,0.915365
7.393480000e-03,1.000000,0.915534
7.395480000e-03,1.000000,0.915703
7.397480000e-03,1.000000,0.915872
7.399480000e-03,1.000000,0.916040
7.401480000e-03,1.000000,0.916207
7.403480000e-03,1.000000,0.916375
7.405480000e-03,1.000000,0.916542
7.407480000e-03,1.000000,0.916709
7.409480000e-03,1.000000,0.916875
7.411480000e-03,1.000000,0.917041
7.413480000e-03,1.000000,0.917207
7.415480000e-03,1.000000,0.917372
7.417480000e-03,1.000000,0.917537
7.419480000e-03,1.000000,0.917702
7.421480000e-03,1.000000,0.917867
7.423480000e-03,1.000000,0.918031
7.425480000e-03,1.000000,0.918195
7.427480000e-03,1.000000,0.918358
7.429480000e-03,1.000000,0.918521
7.431480000e-03,1.000000,0.918684
7.433480000e-03,1.000000,0.918846
7.435480000e-03,1.000000,0.919009
7.437480000e-03,1.000000,0.919170
7.439480000e-03,1.000000,0.919332
7.441480000e-03,1.000000,0.919493
7.443480000e-03,1.000000,0.919654
7.445480000e-03,1.000000,0.919814
7.447480000e-03,1.000000,0.919975
7.449480000e-03,1.000000,0.920134
7.451480000e-03,1.000000,0.920294
7.453480000e-03,1.000000,0.920453
7.455480000e-03,1.000000,0.920612
7.457480000e-03,1.000000,0.920771
7.459480000e-03,1.000000,0.920929
7.461480000e-03,1.000000,0.921087
7.463480000e-03,1.000000,0.921245
7.465480000e-03,1.000000,0.921402
7.467480000e-03,1.000000,0.921559
7.469480000e-03,1.000000,0.921716
7.471480000e-03,1.000000,0.921872
7.473480000e-03,1.000000,0.922028
7.475480000e-03,1.000000,0.922184
7.477480000e-03,1.000000,0.922340
7.479480000e-03,1.000000,0.922495
7.481480000e-03,1.000000,0.922650
7.483480000e-03,1.000000,0.922804
7.485480000e-03,1.000000,0.922959
7.487480000e-03,1.000000,0.923112
7.489480000e-03,1.000000,0.923266
7.491480000e-03,1.000000,0.923419
7.493480000e-03,1.000000,0.923572
7.495480000e-03,1.000000,0.923725
7.497480000e-03,1.000000,0.923877
7.499480000e-03,1.000000,0.924030
7.501000000e-03,1.000000,0.924145
7.501100000e-03,0.900000,0.924143
7.501300000e-03,0.700000,0.924118
7.501700000e-03,0.300000,0.923948
7.502000000e-03,0.000000,0.923716
7.502080000e-03,0.000000,0.923642
7.502240000e-03,0.000000,0.923494
7.502560000e-03,0.000000,0.923199
7.503200000e-03,0.000000,0.922608
7.504480000e-03,0.000000,0.921428
7.506480000e-03,0.000000,0.919587
7.508480000e-03,0.000000,0.917750
7.510480000e-03,0.000000,0.915916
7.512480000e-03,0.000000,0.914086
7.514480000e-03,0.000000,0.912260
7.516480000e-03,0.000000,0.910437
7.518480000e-03,0.000000,0.908618
7.520480000e-03,0.000000,0.906802
7.522480000e-03,0.000000,0.904991
7.524480000e-03,0.000000,0.903182
7.526480000e-03,0.000000,0.901378
7.528480000e-03,0.000000,0.899577
7.530480000e-03,0.000000,0.897780
7.532480000e-03,0.000000,0.895986
7.534480000e-03,0.000000,0.894196
7.536480000e-03,0.000000,0.892409
7.538480000e-03,0.000000,0.890626
7.540480000e-03,0.000000,0.888847
7.542480000e-03,0.000000,0.887071
7.544480000e-03,0.000000,0.885298
7.546480000e-03,0.000000,0.883529
7.548480000e-03,0.000000,0.881764
7.550480000e-03,0.000000,0.880002
7.552480000e-03,0.000000,0.878244
7.554480000e-03,0.000000,0.876489
7.556480000e-03,0.000000,0.874738
7.558480000e-03,0.000000,0.872990
7.560480000e-03,0.000000,0.871246
7.562480000e-03,0.000000,0.869505
7.564480000e-03,0.000000,0.867768
7.566480000e-03,0.000000,0.866034
7.568480000e-03,0.000000,0.864304
7.570480000e-03,0.000000,0.862577
7.572480000e-03,0.000000,0.860854
7.574480000e-03,0.000000,0.859134
7.576480000e-03,0.000000,0.857417
7.578480000e-03,0.000000,0.855704
7.580480000e-03,0.000000,0.853994
7.582480000e-03,0.000000,0.852288
7.584480000e-03,0.000000,0.850585
7.586480000e-03,0.000000,0.848886
7.588480000e-03,0.000000,0.847190
7.590480000e-03,0.000000,0.845497
7.592480000e-03,0.000000,0.843808
7.594480000e-03,0.000000,0.842122
7.596480000e-03,0.000000,0.840439
7.598480000e-03,0.000000,0.838760
7.600480000e-03,0.000000,0.837084
7.602480000e-03,0.000000,0.835412
7.604480000e-03,0.000000,0.833743
7.606480000e-03,0.000000,0.832077
7.608480000e-03,0.000000,0.830414
7.610480000e-03,0.000000,0.828755
7.612480000e-03,0.000000,0.827099
7.614480000e-03,0.000000,0.825447
7.616480000e-03,0.000000,0.823797
7.618480000e-03,0.000000,0.822151
7.620480000e-03,0.000000,0.820509
7.622480000e-03,0.000000,0.818869
7.624480000e-03,0.000000,0.817233
7.626480000e-03,0.000000,0.815600
7.628480000e-03,0.000000,0.813971
7.630480000e-03,0.000000,0.812345
7.632480000e-03,0.000000,0.810722
7.634480000e-03,0.000000,0.809102
7.636480000e-03,0.000000,0.807485
7.638480000e-03,0.000000,0.805872
7.640480000e-03,0.000000,0.804262
7.642480000e-03,0.000000,0.802655
7.644480000e-03,0.000000,0.801051
7.646480000e-03,0.000000,0.799450
7.648480000e-03,0.000000,0.797853
7.650480000e-03,0.000000,0.796259
7.652480000e-03,0.000000,0.794668
7.654480000e-03,0.000000,0.793080
7.656480000e-03,0.000000,0.791496
7.658480000e-03,0.000000,0.789914
7.660480000e-03,0.000000,0.788336
7.662480000e-03,0.000000,0.786761
7.664480000e-03,0.000000,0.785189
7.666480000e-03,0.000000,0.783620
7.668480000e-03,0.000000,0.782055
7.670480000e-03,0.000000,0.780492
7.672480000e-03,0.000000,0.778933
7.674480000e-03,0.000000,0.777376
7.676480000e-03,0.000000,0.775823
7.678480000e-03,0.000000,0.774273
7.680480000e-03,0.000000,0.772726
7.682480000e-03,0.000000,0.771182
7.684480000e-03,0.000000,0.769641
7.686480000e-03,0.000000,0.768104
7.688480000e-03,0.000000,0.766569
7.690480000e-03,0.000000,0.765037
7.692480000e-03,0.000000,0.763509
7.694480000e-03,0.000000,0.761983
7.696480000e-03,0.000000,0.760461
7.698480000e-03,0.000000,0.758941
7.700480000e-03,0.000000,0.757425
7.702480000e-03,0.000000,0.755912
7.704480000e-03,0.000000,0.754401
7.706480000e-03,0.000000,0.752894
7.708480000e-03,0.000000,0.751390
7.710480000e-03,0.000000,0.749889
7.712480000e-03,0.000000,0.748390
7.714480000e-03,0.000000,0.746895
7.716480000e-03,0.000000,0.745403
7.718480000e-03,0.000000,0.743913
7.720480000e-03,0.000000,0.742427
7.722480000e-03,0.000000,0.740944
7.724480000e-03,0.000000,0.739463
7.726480000e-03,0.000000,0.737986
7.728480000e-03,0.000000,0.736511
7.730480000e-03,0.000000,0.735040
7.732480000e-03,0.000000,0.733571
7.734480000e-03,0.000000,0.732105
7.736480000e-03,0.000000,0.730643
7.738480000e-03,0.000000,0.729183
7.740480000e-03,0.000000,0.727726
7.742480000e-03,0.000000,0.726272
7.744480000e-03,0.000000,0.724821
7.746480000e-03,0.000000,0.723373
7.748480000e-03,0.000000,0.721927
7.750480000e-03,0.000000,0.720485
7.752480000e-03,0.000000,0.719045
7.754480000e-03,0.000000,0.717609
7.756480000e-03,0.000000,0.716175
7.758480000e-03,0.000000,0.714744
7.760480000e-03,0.000000,0.713316
7.762480000e-03,0.000000,0.711891
7.764480000e-03,0.000000,0.710468
7.766480000e-03,0.000000,0.709049
7.768480000e-03,0.000000,0.707632
7.770480000e-03,0.000000,0.706218
7.772480000e-03,0.000000,0.704807
7.774480000e-03,0.000000,0.703399
7.776480000e-03,0.000000,0.701994
7.778480000e-03,0.000000,0.700591
7.780480000e-03,0.000000,0.699191
7.782480000e-03,0.000000,0.697794
7.784480000e-03,0.000000,0.696400
7.786480000e-03,0.000000,0.695009
7.788480000e-03,0.000000,0.693620
7.790480000e-03,0.000000,0.692234
7.792480000e-03,0.000000,0.690851
7.794480000e-03,0.000000,0.689471
7.796480000e-03,0.000000,0.688093
7.798480000e-03,0.000000,0.686719
7.800480000e-03,0.000000,0.685346
7.802480000e-03,0.000000,0.683977
7.804480000e-03,0.000000,0.682611
7.806480000e-03,0.000000,0.681247
7.808480000e-03,0.000000,0.679886
7.810480000e-03,0.000000,0.678527
7.812480000e-03,0.000000,0.677171
7.814480000e-03,0.000000,0.675818
7.816480000e-03,0.000000,0.674468
7.818480000e-03,0.000000,0.673121
7.820480000e-03,0.000000,0.671776
7.822480000e-03,0.000000,0.670434
7.824480000e-03,0.000000,0.669094
7.826480000e-03,0.000000,0.667757
7.828480000e-03,0.000000,0.666423
7.830480000e-03,0.000000,0.665091
7.832480000e-03,0.000000,0.663763
7.834480000e-03,0.000000,0.662436
7.836480000e-03,0.000000,0.661113
7.838480000e-03,0.000000,0.659792
7.840480000e-03,0.000000,0.658474
7.842480000e-03,0.000000,0.657158
7.844480000e-03,0.000000,0.655845
7.846480000e-03,0.000000,0.654535
7.848480000e-03,0.000000,0.653227
7.850480000e-03,0.000000,0.651922
7.852480000e-03,0.000000,0.650619
7.854480000e-03,0.000000,0.649319
7.856480000e-03,0.000000,0.648022
7.858480000e-03,0.000000,0.646727
7.860480000e-03,0.000000,0.645435
7.862480000e-03,0.000000,0.644145
7.864480000e-03,0.000000,0.642858
7.866480000e-03,0.000000,0.641574
7.868480000e-03,0.000000,0.640292
7.870480000e-03,0.000000,0.639013
7.872480000e-03,0.000000,0.637736
7.874480000e-03,0.000000,0.636462
7.876480000e-03,0.000000,0.635190
7.878480000e-03,0.000000,0.633921
7.880480000e-03,0.000000,0.632655
7.882480000e-03,0.000000,0.631390
7.884480000e-03,0.000000,0.630129
7.886480000e-03,0.000000,0.628870
7.888480000e-03,0.000000,0.627613
7.890480000e-03,0.000000,0.626360
7.892480000e-03,0.000000,0.625108
7.894480000e-03,0.000000,0.623859
7.896480000e-03,0.000000,0.622613
7.898480000e-03,0.000000,0.621369
7.900480000e-03,0.000000,0.620127
7.902480000e-03,0.000000,0.618888
7.904480000e-03,0.000000,0.617652
7.906480000e-03,0.000000,0.616418
7.908480000e-03,0.000000,0.615186
7.910480000e-03,0.000000,0.613957
7.912480000e-03,0.000000,0.612730
7.914480000e-03,0.000000,0.611506
7.916480000e-03,0.000000,0.610284
7.918480000e-03,0.000000,0.609065
7.920480000e-03,0.000000,0.607848
7.922480000e-03,0.000000,0.606633
7.924480000e-03,0.000000,0.605421
7.926480000e-03,0.000000,0.604212
7.928480000e-03,0.000000,0.603004
7.930480000e-03,0.000000,0.601800
7.932480000e-03,0.000000,0.600597
7.934480000e-03,0.000000,0.599397
7.936480000e-03,0.000000,0.598200
7.938480000e-03,0.000000,0.597004
7.940480000e-03,0.000000,0.595812
7.942480000e-03,0.000000,0.594621
7.944480000e-03,0.000000,0.593433
7.946480000e-03,0.000000,0.592247
7.948480000e-03,0.000000,0.591064
7.950480000e-03,0.000000,0.589883
7.952480000e-03,0.000000,0.588705
7.954480000e-03,0.000000,0.587528
7.956480000e-03,0.000000,0.586354
7.958480000e-03,0.000000,0.585183
7.960480000e-03,0.000000,0.584014
7.962480000e-03,0.000000,0.582847
7.964480000e-03,0.000000,0.581682
7.966480000e-03,0.000000,0.580520
7.968480000e-03,0.000000,0.579360
7.970480000e-03,0.000000,0.578203
7.972480000e-03,0.000000,0.577047
7.974480000e-03,0.000000,0.575894
7.976480000e-03,0.000000,0.574744
7.978480000e-03,0.000000,0.573596
7.980480000e-03,0.000000,0.572449
7.982480000e-03,0.000000,0.571306
7.984480000e-03,0.000000,0.570164
7.986480000e-03,0.000000,0.569025
7.988480000e-03,0.000000,0.567888
7.990480000e-03,0.000000,0.566754
7.992480000e-03,0.000000,0.565621
7.994480000e-03,0.000000,0.564491
7.996480000e-03,0.000000,0.563363
7.998480000e-03,0.000000,0.562238
8.000480000e-03,0.000000,0.561114
8.002480000e-03,0.000000,0.559993
8.004480000e-03,0.000000,0.558874
8.006480000e-03,0.000000,0.557758
8.008480000e-03,0.000000,0.556643
8.010480000e-03,0.000000,0.555531
8.012480000e-03,0.000000,0.554421
8.014480000e-03,0.000000,0.553313
8.016480000e-03,0.000000,0.552208
8.018480000e-03,0.000000,0.551105
8.020480000e-03,0.000000,0.550003
8.022480000e-03,0.000000,0.548904
8.024480000e-03,0.000000,0.547808
8.026480000e-03,0.000000,0.546713
8.028480000e-03,0.000000,0.545621
8.030480000e-03,0.000000,0.544531
8.032480000e-03,0.000000,0.543443
8.034480000e-03,0.000000,0.542357
8.036480000e-03,0.000000,0.541273
8.038480000e-03,0.000000,0.540192
8.040480000e-03,0.000000,0.539113
8.042480000e-03,0.000000,0.538035
8.044480000e-03,0.000000,0.536960
8.046480000e-03,0.000000,0.535888
8.048480000e-03,0.000000,0.534817
8.050480000e-03,0.000000,0.533748
8.052480000e-03,0.000000,0.532682
8.054480000e-03,0.000000,0.531618
8.056480000e-03,0.000000,0.530555
8.058480000e-03,0.000000,0.529495
8.060480000e-03,0.000000,0.528437
8.062480000e-03,0.000000,0.527382
8.064480000e-03,0.000000,0.526328
8.066480000e-03,0.000000,0.525276
8.068480000e-03,0.000000,0.524227
8.070480000e-03,0.000000,0.523179
8.072480000e-03,0.000000,0.522134
8.074480000e-03,0.000000,0.521091
8.076480000e-03,0.000000,0.520050
8.078480000e-03,0.000000,0.519011
8.080480000e-03,0.000000,0.517974
8.082480000e-03,0.000000,0.516939
8.084480000e-03,0.000000,0.515906
8.086480000e-03,0.000000,0.514875
8.088480000e-03,0.000000,0.513846
8.090480000e-03,0.000000,0.512820
8.092480000e-03,0.000000,0.511795
8.094480000e-03,0.000000,0.510773
8.096480000e-03,0.000000,0.509752
8.098480000e-03,0.000000,0.508734
8.100480000e-03,0.000000,0.507717
8.102480000e-03,0.000000,0.506703
8.104480000e-03,0.000000,0.505690
8.106480000e-03,0.000000,0.504680
8.108480000e-03,0.000000,0.503672
8.110480000e-03,0.000000,0.502665
8.112480000e-03,0.000000,0.501661
8.114480000e-03,0.000000,0.500659
8.116480000e-03,0.000000,0.499658
8.118480000e-03,0.000000,0.498660
8.120480000e-03,0.000000,0.497664
8.122480000e-03,0.000000,0.496669
8.124480000e-03,0.000000,0.495677
8.126480000e-03,0.000000,0.494687
8.128480000e-03,0.000000,0.493698
8.130480000e-03,0.000000,0.492712
8.132480000e-03,0.000000,0.491727
8.134480000e-03,0.000000,0.490745
8.136480000e-03,0.000000,0.489764
8.138480000e-03,0.000000,0.488786
8.140480000e-03,0.000000,0.487809
8.142480000e-03,0.000000,0.486835
8.144480000e-03,0.000000,0.485862
8.146480000e-03,0.000000,0.484891
8.148480000e-03,0.000000,0.483922
8.150480000e-03,0.000000,0.482955
8.152480000e-03,0.000000,0.481991
8.154480000e-03,0.000000,0.481027
8.156480000e-03,0.000000,0.480066
8.158480000e-03,0.000000,0.479107
8.160480000e-03,0.000000,0.478150
8.162480000e-03,0.000000,0.477195
8.164480000e-03,0.000000,0.476241
8.166480000e-03,0.000000,0.475290
8.168480000e-03,0.000000,0.474340
8.170480000e-03,0.000000,0.473392
8.172480000e-03,0.000000,0.472446
8.174480000e-03,0.000000,0.471503
8.176480000e-03,0.000000,0.470560
8.178480000e-03,0.000000,0.469620
8.180480000e-03,0.000000,0.468682
8.182480000e-03,0.000000,0.467746
8.184480000e-03,0.000000,0.466811
8.186480000e-03,0.000000,0.465878
8.188480000e-03,0.000000,0.464947
8.190480000e-03,0.000000,0.464018
8.192480000e-03,0.000000,0.463091
8.194480000e-03,0.000000,0.462166
8.196480000e-03,0.000000,0.461243
8.198480000e-03,0.000000,0.460321
8.200480000e-03,0.000000,0.459401
8.202480000e-03,0.000000,0.458484
8.204480000e-03,0.000000,0.457567
8.206480000e-03,0.000000,0.456653
8.208480000e-03,0.000000,0.455741
8.210480000e-03,0.000000,0.454830
8.212480000e-03,0.000000,0.453922
8.214480000e-03,0.000000,0.453015
8.216480000e-03,0.000000,0.452109
8.218480000e-03,0.000000,0.451206
8.220480000e-03,0.000000,0.450305
8.222480000e-03,0.000000,0.449405
8.224480000e-03,0.000000,0.448507
8.226480000e-03,0.000000,0.447611
8.228480000e-03,0.000000,0.446717
8.230480000e-03,0.000000,0.445824
8.232480000e-03,0.000000,0.444933
8.234480000e-03,0.000000,0.444044
8.236480000e-03,0.000000,0.443157
8.238480000e-03,0.000000,0.442272
8.240480000e-03,0.000000,0.441388
8.242480000e-03,0.000000,0.440506
8.244480000e-03,0.000000,0.439626
8.246480000e-03,0.000000,0.438748
8.248480000e-03,0.000000,0.437871
8.250480000e-03,0.000000,0.436996
8.252480000e-03,0.000000,0.436123
8.254480000e-03,0.000000,0.435252
8.256480000e-03,0.000000,0.434382
8.258480000e-03,0.000000,0.433514
8.260480000e-03,0.000000,0.432648
8.262480000e-03,0.000000,0.431784
8.264480000e-03,0.000000,0.430921
8.266480000e-03,0.000000,0.430060
8.268480000e-03,0.000000,0.429201
8.270480000e-03,0.000000,0.428343
8.272480000e-03,0.000000,0.427487
8.274480000e-03,0.000000,0.426633
8.276480000e-03,0.000000,0.425781
8.278480000e-03,0.000000,0.424930
8.280480000e-03,0.000000,0.424081
8.282480000e-03,0.000000,0.423234
8.284480000e-03,0.000000,0.422388
8.286480000e-03,0.000000,0.421544
8.288480000e-03,0.000000,0.420702
8.290480000e-03,0.000000,0.419861
8.292480000e-03,0.000000,0.419022
8.294480000e-03,0.000000,0.418185
8.296480000e-03,0.000000,0.417350
8.298480000e-03,0.000000,0.416516
8.300480000e-03,0.000000,0.415684
8.302480000e-03,0.000000,0.414853
8.304480000e-03,0.000000,0.414024
8.306480000e-03,0.000000,0.413197
8.308480000e-03,0.000000,0.412371
8.310480000e-03,0.000000,0.411547
8.312480000e-03,0.000000,0.410725
8.314480000e-03,0.000000,0.409905
8.316480000e-03,0.000000,0.409086
8.318480000e-03,0.000000,0.408268
8.320480000e-03,0.000000,0.407453
8.322480000e-03,0.000000,0.406638
8.324480000e-03,0.000000,0.405826
8.326480000e-03,0.000000,0.405015
8.328480000e-03,0.000000,0.404206
8.330480000e-03,0.000000,0.403398
8.332480000e-03,0.000000,0.402592
8.334480000e-03,0.000000,0.401788
8.336480000e-03,0.000000,0.400985
8.338480000e-03,0.000000,0.400184
8.340480000e-03,0.000000,0.399384
8.342480000e-03,0.000000,0.398586
8.344480000e-03,0.000000,0.397790
8.346480000e-03,0.000000,0.396995
8.348480000e-03,0.000000,0.396202
8.350480000e-03,0.000000,0.395410
8.352480000e-03,0.000000,0.394620
8.354480000e-03,0.000000,0.393832
8.356480000e-03,0.000000,0.393045
8.358480000e-03,0.000000,0.392260
8.360480000e-03,0.000000,0.391476
8.362480000e-03,0.000000,0.390694
8.364480000e-03,0.000000,0.389913
8.366480000e-03,0.000000,0.389134
8.368480000e-03,0.000000,0.388357
8.370480000e-03,0.000000,0.387581
8.372480000e-03,0.000000,0.386806
8.374480000e-03,0.000000,0.386034
8.376480000e-03,0.000000,0.385262
8.378480000e-03,0.000000,0.384493
8.380480000e-03,0.000000,0.383724
8.382480000e-03,0.000000,0.382958
8.384480000e-03,0.000000,0.382192
8.386480000e-03,0.000000,0.381429
8.388480000e-03,0.000000,0.380667
8.390480000e-03,0.000000,0.379906
8.392480000e-03,0.000000,0.379147
8.394480000e-03,0.000000,0.378390
8.396480000e-03,0.000000,0.377634
8.398480000e-03,0.000000,0.376879
8.400480000e-03,0.000000,0.376126
8.402480000e-03,0.000000,0.375375
8.404480000e-03,0.000000,0.374625
8.406480000e-03,0.000000,0.373876
8.408480000e-03,0.000000,0.373129
8.410480000e-03,0.000000,0.372384
8.412480000e-03,0.000000,0.371640
8.414480000e-03,0.000000,0.370897
8.416480000e-03,0.000000,0.370156
8.418480000e-03,0.000000,0.369416
8.420480000e-03,0.000000,0.368678
8.422480000e-03,0.000000,0.367942
8.424480000e-03,0.000000,0.367206
8.426480000e-03,0.000000,0.366473
8.428480000e-03,0.000000,0.365741
8.430480000e-03,0.000000,0.365010
8.432480000e-03,0.000000,0.364281
8.434480000e-03,0.000000,0.363553
8.436480000e-03,0.000000,0.362826
8.438480000e-03,0.000000,0.362101
8.440480000e-03,0.000000,0.361378
8.442480000e-03,0.000000,0.360656
8.444480000e-03,0.000000,0.359935
8.446480000e-03,0.000000,0.359216
8.448480000e-03,0.000000,0.358498
8.450480000e-03,0.000000,0.357782
8.452480000e-03,0.000000,0.357067
8.454480000e-03,0.000000,0.356354
8.456480000e-03,0.000000,0.355642
8.458480000e-03,0.000000,0.354931
8.460480000e-03,0.000000,0.354222
8.462480000e-03,0.000000,0.353514
8.464480000e-03,0.000000,0.352808
8.466480000e-03,0.000000,0.352103
8.468480000e-03,0.000000,0.351400
8.470480000e-03,0.000000,0.350698
8.472480000e-03,0.000000,0.349997
8.474480000e-03,0.000000,0.349298
8.476480000e-03,0.000000,0.348600
8.478480000e-03,0.000000,0.347903
8.480480000e-03,0.000000,0.347208
8.482480000e-03,0.000000,0.346514
8.484480000e-03,0.000000,0.345822
8.486480000e-03,0.000000,0.345131
8.488480000e-03,0.000000,0.344442
8.490480000e-03,0.000000,0.343753
8.492480000e-03,0.000000,0.343067
8.494480000e-03,0.000000,0.342381
8.496480000e-03,0.000000,0.341697
8.498480000e-03,0.000000,0.341014
8.500480000e-03,0.000000,0.340333
8.502480000e-03,0.000000,0.339653
8.504480000e-03,0.000000,0.338974
8.506480000e-03,0.000000,0.338297
8.508480000e-03,0.000000,0.337621
8.510480000e-03,0.000000,0.336947
8.512480000e-03,0.000000,0.336273
8.514480000e-03,0.000000,0.335601
8.516480000e-03,0.000000,0.334931
8.518480000e-03,0.000000,0.334262
8.520480000e-03,0.000000,0.333594
8.522480000e-03,0.000000,0.332927
8.524480000e-03,0.000000,0.332262
8.526480000e-03,0.000000,0.331598
8.528480000e-03,0.000000,0.330936
8.530480000e-03,0.000000,0.330275
8.532480000e-03,0.000000,0.329615
8.534480000e-03,0.000000,0.328956
8.536480000e-03,0.000000,0.328299
8.538480000e-03,0.000000,0.327643
8.540480000e-03,0.000000,0.326988
8.542480000e-03,0.000000,0.326335
8.544480000e-03,0.000000,0.325683
8.546480000e-03,0.000000,0.325032
8.548480000e-03,0.000000,0.324383
8.550480000e-03,0.000000,0.323735
8.552480000e-03,0.000000,0.323088
8.554480000e-03,0.000000,0.322442
8.556480000e-03,0.000000,0.321798
8.558480000e-03,0.000000,0.321155
8.560480000e-03,0.000000,0.320513
8.562480000e-03,0.000000,0.319873
8.564480000e-03,0.000000,0.319234
8.566480000e-03,0.000000,0.318596
8.568480000e-03,0.000000,0.317960
8.570480000e-03,0.000000,0.317324
8.572480000e-03,0.000000,0.316690
8.574480000e-03,0.000000,0.316058
8.576480000e-03,0.000000,0.315426
8.578480000e-03,0.000000,0.314796
8.580480000e-03,0.000000,0.314167
8.582480000e-03,0.000000,0.313539
8.584480000e-03,0.000000,0.312913
8.586480000e-03,0.000000,0.312288
8.588480000e-03,0.000000,0.311664
8.590480000e-03,0.000000,0.311041
8.592480000e-03,0.000000,0.310419
8.594480000e-03,0.000000,0.309799
8.596480000e-03,0.000000,0.309180
8.598480000e-03,0.000000,0.308562
8.600480000e-03,0.000000,0.307946
8.602480000e-03,0.000000,0.307331
8.604480000e-03,0.000000,0.306717
8.606480000e-03,0.000000,0.306104
8.608480000e-03,0.000000,0.305492
8.610480000e-03,0.000000,0.304882
8.612480000e-03,0.000000,0.304273
8.614480000e-03,0.000000,0.303665
8.616480000e-03,0.000000,0.303058
8.618480000e-03,0.000000,0.302453
8.620480000e-03,0.000000,0.301848
8.622480000e-03,0.000000,0.301245
8.624480000e-03,0.000000,0.300643
8.626480000e-03,0.000000,0.300043
8.628480000e-03,0.000000,0.299443
8.630480000e-03,0.000000,0.298845
8.632480000e-03,0.000000,0.298248
8.634480000e-03,0.000000,0.297652
8.636480000e-03,0.000000,0.297057
8.638480000e-03,0.000000,0.296464
8.640480000e-03,0.000000,0.295871
8.642480000e-03,0.000000,0.295280
8.644480000e-03,0.000000,0.294690
8.646480000e-03,0.000000,0.294101
8.648480000e-03,0.000000,0.293514
8.650480000e-03,0.000000,0.292927
8.652480000e-03,0.000000,0.292342
8.654480000e-03,0.000000,0.291758
8.656480000e-03,0.000000,0.291175
8.658480000e-03,0.000000,0.290593
8.660480000e-03,0.000000,0.290013
8.662480000e-03,0.000000,0.289433
8.664480000e-03,0.000000,0.288855
8.666480000e-03,0.000000,0.288278
8.668480000e-03,0.000000,0.287702
8.670480000e-03,0.000000,0.287127
8.672480000e-03,0.000000,0.286553
8.674480000e-03,0.000000,0.285981
8.676480000e-03,0.000000,0.285409
8.678480000e-03,0.000000,0.284839
8.680480000e-03,0.000000,0.284270
8.682480000e-03,0.000000,0.283702
8.684480000e-03,0.000000,0.283135
8.686480000e-03,0.000000,0.282569
8.688480000e-03,0.000000,0.282005
8.690480000e-03,0.000000,0.281441
8.692480000e-03,0.000000,0.280879
8.694480000e-03,0.000000,0.280318
8.696480000e-03,0.000000,0.279758
8.698480000e-03,0.000000,0.279199
8.700480000e-03,0.000000,0.278641
8.702480000e-03,0.000000,0.278084
8.704480000e-03,0.000000,0.277529
8.706480000e-03,0.000000,0.276974
8.708480000e-03,0.000000,0.276421
8.710480000e-03,0.000000,0.275868
8.712480000e-03,0.000000,0.275317
8.714480000e-03,0.000000,0.274767
8.716480000e-03,0.000000,0.274218
8.718480000e-03,0.000000,0.273670
8.720480000e-03,0.000000,0.273124
8.722480000e-03,0.000000,0.272578
8.724480000e-03,0.000000,0.272033
8.726480000e-03,0.000000,0.271490
8.728480000e-03,0.000000,0.270947
8.730480000e-03,0.000000,0.270406
8.732480000e-03,0.000000,0.269866
8.734480000e-03,0.000000,0.269326
8.736480000e-03,0.000000,0.268788
8.738480000e-03,0.000000,0.268251
8.740480000e-03,0.000000,0.267715
8.742480000e-03,0.000000,0.267180
8.744480000e-03,0.000000,0.266647
8.746480000e-03,0.000000,0.266114
8.748480000e-03,0.000000,0.265582
8.750480000e-03,0.000000,0.265052
8.752480000e-03,0.000000,0.264522
8.754480000e-03,0.000000,0.263993
8.756480000e-03,0.000000,0.263466
8.758480000e-03,0.000000,0.262940
8.760480000e-03,0.000000,0.262414
8.762480000e-03,0.000000,0.261890
8.764480000e-03,0.000000,0.261367
8.766480000e-03,0.000000,0.260844
8.768480000e-03,0.000000,0.260323
8.770480000e-03,0.000000,0.259803
8.772480000e-03,0.000000,0.259284
8.774480000e-03,0.000000,0.258766
8.776480000e-03,0.000000,0.258249
8.778480000e-03,0.000000,0.257733
8.780480000e-03,0.000000,0.257218
8.782480000e-03,0.000000,0.256704
8.784480000e-03,0.000000,0.256191
8.786480000e-03,0.000000,0.255679
8.788480000e-03,0.000000,0.255169
8.790480000e-03,0.000000,0.254659
8.792480000e-03,0.000000,0.254150
8.794480000e-03,0.000000,0.253642
8.796480000e-03,0.000000,0.253135
8.798480000e-03,0.000000,0.252630
8.800480000e-03,0.000000,0.252125
8.802480000e-03,0.000000,0.251621
8.804480000e-03,0.000000,0.251118
8.806480000e-03,0.000000,0.250617
8.808480000e-03,0.000000,0.250116
8.810480000e-03,0.000000,0.249616
8.812480000e-03,0.000000,0.249117
8.814480000e-03,0.000000,0.248620
8.816480000e-03,0.000000,0.248123
8.818480000e-03,0.000000,0.247627
8.820480000e-03,0.000000,0.247132
8.822480000e-03,0.000000,0.246639
8.824480000e-03,0.000000,0.246146
8.826480000e-03,0.000000,0.245654
8.828480000e-03,0.000000,0.245163
8.830480000e-03,0.000000,0.244673
8.832480000e-03,0.000000,0.244185
8.834480000e-03,0.000000,0.243697
8.836480000e-03,0.000000,0.243210
8.838480000e-03,0.000000,0.242724
8.840480000e-03,0.000000,0.242239
8.842480000e-03,0.000000,0.241755
8.844480000e-03,0.000000,0.241272
8.846480000e-03,0.000000,0.240790
8.848480000e-03,0.000000,0.240309
8.850480000e-03,0.000000,0.239829
8.852480000e-03,0.000000,0.239349
8.854480000e-03,0.000000,0.238871
8.856480000e-03,0.000000,0.238394
8.858480000e-03,0.000000,0.237918
8.860480000e-03,0.000000,0.237442
8.862480000e-03,0.000000,0.236968
8.864480000e-03,0.000000,0.236494
8.866480000e-03,0.000000,0.236022
8.868480000e-03,0.000000,0.235550
8.870480000e-03,0.000000,0.235080
8.872480000e-03,0.000000,0.234610
8.874480000e-03,0.000000,0.234141
8.876480000e-03,0.000000,0.233673
8.878480000e-03,0.000000,0.233206
8.880480000e-03,0.000000,0.232741
8.882480000e-03,0.000000,0.232276
8.884480000e-03,0.000000,0.231811
8.886480000e-03,0.000000,0.231348
8.888480000e-03,0.000000,0.230886
8.890480000e-03,0.000000,0.230425
8.892480000e-03,0.000000,0.229964
8.894480000e-03,0.000000,0.229505
8.896480000e-03,0.000000,0.229046
8.898480000e-03,0.000000,0.228589
8.900480000e-03,0.000000,0.228132
8.902480000e-03,0.000000,0.227676
8.904480000e-03,0.000000,0.227221
8.906480000e-03,0.000000,0.226767
8.908480000e-03,0.000000,0.226314
8.910480000e-03,0.000000,0.225862
8.912480000e-03,0.000000,0.225411
8.914480000e-03,0.000000,0.224960
8.916480000e-03,0.000000,0.224511
8.918480000e-03,0.000000,0.224062
8.920480000e-03,0.000000,0.223615
8.922480000e-03,0.000000,0.223168
8.924480000e-03,0.000000,0.222722
8.926480000e-03,0.000000,0.222277
8.928480000e-03,0.000000,0.221833
8.930480000e-03,0.000000,0.221390
8.932480000e-03,0.000000,0.220947
8.934480000e-03,0.000000,0.220506
8.936480000e-03,0.000000,0.220065
8.938480000e-03,0.000000,0.219626
8.940480000e-03,0.000000,0.219187
8.942480000e-03,0.000000,0.218749
8.944480000e-03,0.000000,0.218312
8.946480000e-03,0.000000,0.217876
8.948480000e-03,0.000000,0.217440
8.950480000e-03,0.000000,0.217006
8.952480000e-03,0.000000,0.216572
8.954480000e-03,0.000000,0.216140
8.956480000e-03,0.000000,0.215708
8.958480000e-03,0.000000,0.215277
8.960480000e-03,0.000000,0.214847
8.962480000e-03,0.000000,0.214417
8.964480000e-03,0.000000,0.213989
8.966480000e-03,0.000000,0.213561
8.968480000e-03,0.000000,0.213135
8.970480000e-03,0.000000,0.212709
8.972480000e-03,0.000000,0.212284
8.974480000e-03,0.000000,0.211860
8.976480000e-03,0.000000,0.211436
8.978480000e-03,0.000000,0.211014
8.980480000e-03,0.000000,0.210592
8.982480000e-03,0.000000,0.210172
8.984480000e-03,0.000000,0.209752
8.986480000e-03,0.000000,0.209333
8.988480000e-03,0.000000,0.208914
8.990480000e-03,0.000000,0.208497
8.992480000e-03,0.000000,0.208080
8.994480000e-03,0.000000,0.207665
8.996480000e-03,0.000000,0.207250
8.998480000e-03,0.000000,0.206836
9.000480000e-03,0.000000,0.206422
9.002480000e-03,0.000000,0.206010
9.004480000e-03,0.000000,0.205598
9.006480000e-03,0.000000,0.205187
9.008480000e-03,0.000000,0.204778
9.010480000e-03,0.000000,0.204368
9.012480000e-03,0.000000,0.203960
9.014480000e-03,0.000000,0.203553
9.016480000e-03,0.000000,0.203146
9.018480000e-03,0.000000,0.202740
9.020480000e-03,0.000000,0.202335
9.022480000e-03,0.000000,0.201931
9.024480000e-03,0.000000,0.201527
9.026480000e-03,0.000000,0.201125
9.028480000e-03,0.000000,0.200723
9.030480000e-03,0.000000,0.200322
9.032480000e-03,0.000000,0.199921
9.034480000e-03,0.000000,0.199522
9.036480000e-03,0.000000,0.199123
9.038480000e-03,0.000000,0.198725
9.040480000e-03,0.000000,0.198328
9.042480000e-03,0.000000,0.197932
9.044480000e-03,0.000000,0.197537
9.046480000e-03,0.000000,0.197142
9.048480000e-03,0.000000,0.196748
9.050480000e-03,0.000000,0.196355
9.052480000e-03,0.000000,0.195963
9.054480000e-03,0.000000,0.195571
9.056480000e-03,0.000000,0.195180
9.058480000e-03,0.000000,0.194790
9.060480000e-03,0.000000,0.194401
9.062480000e-03,0.000000,0.194013
9.064480000e-03,0.000000,0.193625
9.066480000e-03,0.000000,0.193238
9.068480000e-03,0.000000,0.192852
9.070480000e-03,0.000000,0.192467
9.072480000e-03,0.000000,0.192082
9.074480000e-03,0.000000,0.191699
9.076480000e-03,0.000000,0.191316
9.078480000e-03,0.000000,0.190933
9.080480000e-03,0.000000,0.190552
9.082480000e-03,0.000000,0.190171
9.084480000e-03,0.000000,0.189791
9.086480000e-03,0.000000,0.189412
9.088480000e-03,0.000000,0.189033
9.090480000e-03,0.000000,0.188656
9.092480000e-03,0.000000,0.188279
9.094480000e-03,0.000000,0.187903
9.096480000e-03,0.000000,0.187527
9.098480000e-03,0.000000,0.187153
9.100480000e-03,0.000000,0.186779
9.102480000e-03,0.000000,0.186405
9.104480000e-03,0.000000,0.186033
9.106480000e-03,0.000000,0.185661
9.108480000e-03,0.000000,0.185290
9.110480000e-03,0.000000,0.184920
9.112480000e-03,0.000000,0.184551
9.114480000e-03,0.000000,0.184182
9.116480000e-03,0.000000,0.183814
9.118480000e-03,0.000000,0.183447
9.120480000e-03,0.000000,0.183080
9.122480000e-03,0.000000,0.182714
9.124480000e-03,0.000000,0.182349
9.126480000e-03,0.000000,0.181985
9.128480000e-03,0.000000,0.181621
9.130480000e-03,0.000000,0.181258
9.132480000e-03,0.000000,0.180896
9.134480000e-03,0.000000,0.180535
9.136480000e-03,0.000000,0.180174
9.138480000e-03,0.000000,0.179814
9.140480000e-03,0.000000,0.179455
9.142480000e-03,0.000000,0.179096
9.144480000e-03,0.000000,0.178739
9.146480000e-03,0.000000,0.178381
9.148480000e-03,0.000000,0.178025
9.150480000e-03,0.000000,0.177669
9.152480000e-03,0.000000,0.177314
9.154480000e-03,0.000000,0.176960
9.156480000e-03,0.000000,0.176606
9.158480000e-03,0.000000,0.176254
9.160480000e-03,0.000000,0.175901
9.162480000e-03,0.000000,0.175550
9.164480000e-03,0.000000,0.175199
9.166480000e-03,0.000000,0.174849
9.168480000e-03,0.000000,0.174500
9.170480000e-03,0.000000,0.174151
9.172480000e-03,0.000000,0.173803
9.174480000e-03,0.000000,0.173456
9.176480000e-03,0.000000,0.173109
9.178480000e-03,0.000000,0.172764
9.180480000e-03,0.000000,0.172418
9.182480000e-03,0.000000,0.172074
9.184480000e-03,0.000000,0.171730
9.186480000e-03,0.000000,0.171387
9.188480000e-03,0.000000,0.171045
9.190480000e-03,0.000000,0.170703
9.192480000e-03,0.000000,0.170362
9.194480000e-03,0.000000,0.170021
9.196480000e-03,0.000000,0.169682
9.198480000e-03,0.000000,0.169343
9.200480000e-03,0.000000,0.169004
9.202480000e-03,0.000000,0.168667
9.204480000e-03,0.000000,0.168330
9.206480000e-03,0.000000,0.167993
9.208480000e-03,0.000000,0.167658
9.210480000e-03,0.000000,0.167323
9.212480000e-03,0.000000,0.166988
9.214480000e-03,0.000000,0.166655
9.216480000e-03,0.000000,0.166322
9.218480000e-03,0.000000,0.165989
9.220480000e-03,0.000000,0.165658
9.222480000e-03,0.000000,0.165327
9.224480000e-03,0.000000,0.164996
9.226480000e-03,0.000000,0.164667
9.228480000e-03,0.000000,0.164338
9.230480000e-03,0.000000,0.164009
9.232480000e-03,0.000000,0.163682
9.234480000e-03,0.000000,0.163355
9.236480000e-03,0.000000,0.163028
9.238480000e-03,0.000000,0.162703
9.240480000e-03,0.000000,0.162378
9.242480000e-03,0.000000,0.162053
9.244480000e-03,0.000000,0.161729
9.246480000e-03,0.000000,0.161406
9.248480000e-03,0.000000,0.161084
9.250480000e-03,0.000000,0.160762
9.252480000e-03,0.000000,0.160441
9.254480000e-03,0.000000,0.160120
9.256480000e-03,0.000000,0.159800
9.258480000e-03,0.000000,0.159481
9.260480000e-03,0.000000,0.159162
9.262480000e-03,0.000000,0.158844
9.264480000e-03,0.000000,0.158527
9.266480000e-03,0.000000,0.158210
9.268480000e-03,0.000000,0.157894
9.270480000e-03,0.000000,0.157579
9.272480000e-03,0.000000,0.157264
9.274480000e-03,0.000000,0.156949
9.276480000e-03,0.000000,0.156636
9.278480000e-03,0.000000,0.156323
9.280480000e-03,0.000000,0.156011
9.282480000e-03,0.000000,0.155699
9.284480000e-03,0.000000,0.155388
9.286480000e-03,0.000000,0.155077
9.288480000e-03,0.000000,0.154768
9.290480000e-03,0.000000,0.154458
9.292480000e-03,0.000000,0.154150
9.294480000e-03,0.000000,0.153842
9.296480000e-03,0.000000,0.153534
9.298480000e-03,0.000000,0.153228
9.300480000e-03,0.000000,0.152921
9.302480000e-03,0.000000,0.152616
9.304480000e-03,0.000000,0.152311
9.306480000e-03,0.000000,0.152007
9.308480000e-03,0.000000,0.151703
9.310480000e-03,0.000000,0.151400
9.312480000e-03,0.000000,0.151097
9.314480000e-03,0.000000,0.150795
9.316480000e-03,0.000000,0.150494
9.318480000e-03,0.000000,0.150193
9.320480000e-03,0.000000,0.149893
9.322480000e-03,0.000000,0.149594
9.324480000e-03,0.000000,0.149295
9.326480000e-03,0.000000,0.148997
9.328480000e-03,0.000000,0.148699
9.330480000e-03,0.000000,0.148402
9.332480000e-03,0.000000,0.148105
9.334480000e-03,0.000000,0.147809
9.336480000e-03,0.000000,0.147514
9.338480000e-03,0.000000,0.147219
9.340480000e-03,0.000000,0.146925
9.342480000e-03,0.000000,0.146632
9.344480000e-03,0.000000,0.146339
9.346480000e-03,0.000000,0.146046
9.348480000e-03,0.000000,0.145755
9.350480000e-03,0.000000,0.145463
9.352480000e-03,0.000000,0.145173
9.354480000e-03,0.000000,0.144883
9.356480000e-03,0.000000,0.144593
9.358480000e-03,0.000000,0.144304
9.360480000e-03,0.000000,0.144016
9.362480000e-03,0.000000,0.143728
9.364480000e-03,0.000000,0.143441
9.366480000e-03,0.000000,0.143154
9.368480000e-03,0.000000,0.142868
9.370480000e-03,0.000000,0.142583
9.372480000e-03,0.000000,0.142298
9.374480000e-03,0.000000,0.142014
9.376480000e-03,0.000000,0.141730
9.378480000e-03,0.000000,0.141447
9.380480000e-03,0.000000,0.141164
9.382480000e-03,0.000000,0.140882
9.384480000e-03,0.000000,0.140601
9.386480000e-03,0.000000,0.140320
9.388480000e-03,0.000000,0.140039
9.390480000e-03,0.000000,0.139760
9.392480000e-03,0.000000,0.139480
9.394480000e-03,0.000000,0.139202
9.396480000e-03,0.000000,0.138924
9.398480000e-03,0.000000,0.138646
9.400480000e-03,0.000000,0.138369
9.402480000e-03,0.000000,0.138093
9.404480000e-03,0.000000,0.137817
9.406480000e-03,0.000000,0.137541
9.408480000e-03,0.000000,0.137266
9.410480000e-03,0.000000,0.136992
9.412480000e-03,0.000000,0.136718
9.414480000e-03,0.000000,0.136445
9.416480000e-03,0.000000,0.136173
9.418480000e-03,0.000000,0.135901
9.420480000e-03,0.000000,0.135629
9.422480000e-03,0.000000,0.135358
9.424480000e-03,0.000000,0.135088
9.426480000e-03,0.000000,0.134818
9.428480000e-03,0.000000,0.134548
9.430480000e-03,0.000000,0.134280
9.432480000e-03,0.000000,0.134011
9.434480000e-03,0.000000,0.133744
9.436480000e-03,0.000000,0.133476
9.438480000e-03,0.000000,0.133210
9.440480000e-03,0.000000,0.132943
9.442480000e-03,0.000000,0.132678
9.444480000e-03,0.000000,0.132413
9.446480000e-03,0.000000,0.132148
9.448480000e-03,0.000000,0.131884
9.450480000e-03,0.000000,0.131621
9.452480000e-03,0.000000,0.131358
9.454480000e-03,0.000000,0.131095
9.456480000e-03,0.000000,0.130833
9.458480000e-03,0.000000,0.130572
9.460480000e-03,0.000000,0.130311
9.462480000e-03,0.000000,0.130051
9.464480000e-03,0.000000,0.129791
9.466480000e-03,0.000000,0.129531
9.468480000e-03,0.000000,0.129273
9.470480000e-03,0.000000,0.129014
9.472480000e-03,0.000000,0.128757
9.474480000e-03,0.000000,0.128499
9.476480000e-03,0.000000,0.128243
9.478480000e-03,0.000000,0.127986
9.480480000e-03,0.000000,0.127731
9.482480000e-03,0.000000,0.127475
9.484480000e-03,0.000000,0.127221
9.486480000e-03,0.000000,0.126967
9.488480000e-03,0.000000,0.126713
9.490480000e-03,0.000000,0.126460
9.492480000e-03,0.000000,0.126207
9.494480000e-03,0.000000,0.125955
9.496480000e-03,0.000000,0.125703
9.498480000e-03,0.000000,0.125452
9.500480000e-03,0.000000,0.125201
9.502480000e-03,0.000000,0.124951
9.504480000e-03,0.000000,0.124702
9.506480000e-03,0.000000,0.124452
9.508480000e-03,0.000000,0.124204
9.510480000e-03,0.000000,0.123956
9.512480000e-03,0.000000,0.123708
9.514480000e-03,0.000000,0.123461
9.516480000e-03,0.000000,0.123214
9.518480000e-03,0.000000,0.122968
9.520480000e-03,0.000000,0.122722
9.522480000e-03,0.000000,0.122477
9.524480000e-03,0.000000,0.122232
9.526480000e-03,0.000000,0.121988
9.528480000e-03,0.000000,0.121744
9.530480000e-03,0.000000,0.121501
9.532480000e-03,0.000000,0.121258
9.534480000e-03,0.000000,0.121016
9.536480000e-03,0.000000,0.120774
9.538480000e-03,0.000000,0.120533
9.540480000e-03,0.000000,0.120292
9.542480000e-03,0.000000,0.120052
9.544480000e-03,0.000000,0.119812
9.546480000e-03,0.000000,0.119573
9.548480000e-03,0.000000,0.119334
9.550480000e-03,0.000000,0.119095
9.552480000e-03,0.000000,0.118857
9.554480000e-03,0.000000,0.118620
9.556480000e-03,0.000000,0.118383
9.558480000e-03,0.000000,0.118146
9.560480000e-03,0.000000,0.117910
9.562480000e-03,0.000000,0.117675
9.564480000e-03,0.000000,0.117440
9.566480000e-03,0.000000,0.117205
9.568480000e-03,0.000000,0.116971
9.570480000e-03,0.000000,0.116737
9.572480000e-03,0.000000,0.116504
9.574480000e-03,0.000000,0.116271
9.576480000e-03,0.000000,0.116039
9.578480000e-03,0.000000,0.115807
9.580480000e-03,0.000000,0.115575
9.582480000e-03,0.000000,0.115345
9.584480000e-03,0.000000,0.115114
9.586480000e-03,0.000000,0.114884
9.588480000e-03,0.000000,0.114655
9.590480000e-03,0.000000,0.114425
9.592480000e-03,0.000000,0.114197
9.594480000e-03,0.000000,0.113969
9.596480000e-03,0.000000,0.113741
9.598480000e-03,0.000000,0.113514
9.600480000e-03,0.000000,0.113287
9.602480000e-03,0.000000,0.113061
9.604480000e-03,0.000000,0.112835
9.606480000e-03,0.000000,0.112609
9.608480000e-03,0.000000,0.112384
9.610480000e-03,0.000000,0.112160
9.612480000e-03,0.000000,0.111936
9.614480000e-03,0.000000,0.111712
9.616480000e-03,0.000000,0.111489
9.618480000e-03,0.000000,0.111266
9.620480000e-03,0.000000,0.111044
9.622480000e-03,0.000000,0.110822
9.624480000e-03,0.000000,0.110600
9.626480000e-03,0.000000,0.110379
9.628480000e-03,0.000000,0.110159
9.630480000e-03,0.000000,0.109939
9.632480000e-03,0.000000,0.109719
9.634480000e-03,0.000000,0.109500
9.636480000e-03,0.000000,0.109281
9.638480000e-03,0.000000,0.109063
9.640480000e-03,0.000000,0.108845
9.642480000e-03,0.000000,0.108627
9.644480000e-03,0.000000,0.108410
9.646480000e-03,0.000000,0.108194
9.648480000e-03,0.000000,0.107978
9.650480000e-03,0.000000,0.107762
9.652480000e-03,0.000000,0.107547
9.654480000e-03,0.000000,0.107332
9.656480000e-03,0.000000,0.107117
9.658480000e-03,0.000000,0.106903
9.660480000e-03,0.000000,0.106690
9.662480000e-03,0.000000,0.106476
9.664480000e-03,0.000000,0.106264
9.666480000e-03,0.000000,0.106051
9.668480000e-03,0.000000,0.105840
9.670480000e-03,0.000000,0.105628
9.672480000e-03,0.000000,0.105417
9.674480000e-03,0.000000,0.105206
9.676480000e-03,0.000000,0.104996
9.678480000e-03,0.000000,0.104786
9.680480000e-03,0.000000,0.104577
9.682480000e-03,0.000000,0.104368
9.684480000e-03,0.000000,0.104160
9.686480000e-03,0.000000,0.103951
9.688480000e-03,0.000000,0.103744
9.690480000e-03,0.000000,0.103536
9.692480000e-03,0.000000,0.103330
9.694480000e-03,0.000000,0.103123
9.696480000e-03,0.000000,0.102917
9.698480000e-03,0.000000,0.102711
9.700480000e-03,0.000000,0.102506
9.702480000e-03,0.000000,0.102301
9.704480000e-03,0.000000,0.102097
9.706480000e-03,0.000000,0.101893
9.708480000e-03,0.000000,0.101689
9.710480000e-03,0.000000,0.101486
9.712480000e-03,0.000000,0.101284
9.714480000e-03,0.000000,0.101081
9.716480000e-03,0.000000,0.100879
9.718480000e-03,0.000000,0.100678
9.720480000e-03,0.000000,0.100477
9.722480000e-03,0.000000,0.100276
9.724480000e-03,0.000000,0.100075
9.726480000e-03,0.000000,0.099875
9.728480000e-03,0.000000,0.099676
9.730480000e-03,0.000000,0.099477
9.732480000e-03,0.000000,0.099278
9.734480000e-03,0.000000,0.099080
9.736480000e-03,0.000000,0.098882
9.738480000e-03,0.000000,0.098684
9.740480000e-03,0.000000,0.098487
9.742480000e-03,0.000000,0.098290
9.744480000e-03,0.000000,0.098094
9.746480000e-03,0.000000,0.097898
9.748480000e-03,0.000000,0.097702
9.750480000e-03,0.000000,0.097507
9.752480000e-03,0.000000,0.097312
9.754480000e-03,0.000000,0.097118
9.756480000e-03,0.000000,0.096924
9.758480000e-03,0.000000,0.096730
9.760480000e-03,0.000000,0.096537
9.762480000e-03,0.000000,0.096344
9.764480000e-03,0.000000,0.096151
9.766480000e-03,0.000000,0.095959
9.768480000e-03,0.000000,0.095768
9.770480000e-03,0.000000,0.095576
9.772480000e-03,0.000000,0.095385
9.774480000e-03,0.000000,0.095195
9.776480000e-03,0.000000,0.095004
9.778480000e-03,0.000000,0.094815
9.780480000e-03,0.000000,0.094625
9.782480000e-03,0.000000,0.094436
9.784480000e-03,0.000000,0.094247
9.786480000e-03,0.000000,0.094059
9.788480000e-03,0.000000,0.093871
9.790480000e-03,0.000000,0.093684
9.792480000e-03,0.000000,0.093496
9.794480000e-03,0.000000,0.093310
9.796480000e-03,0.000000,0.093123
9.798480000e-03,0.000000,0.092937
9.800480000e-03,0.000000,0.092751
9.802480000e-03,0.000000,0.092566
9.804480000e-03,0.000000,0.092381
9.806480000e-03,0.000000,0.092197
9.808480000e-03,0.000000,0.092012
9.810480000e-03,0.000000,0.091829
9.812480000e-03,0.000000,0.091645
9.814480000e-03,0.000000,0.091462
9.816480000e-03,0.000000,0.091279
9.818480000e-03,0.000000,0.091097
9.820480000e-03,0.000000,0.090915
9.822480000e-03,0.000000,0.090733
9.824480000e-03,0.000000,0.090552
9.826480000e-03,0.000000,0.090371
9.828480000e-03,0.000000,0.090190
9.830480000e-03,0.000000,0.090010
9.832480000e-03,0.000000,0.089830
9.834480000e-03,0.000000,0.089651
9.836480000e-03,0.000000,0.089472
9.838480000e-03,0.000000,0.089293
9.840480000e-03,0.000000,0.089115
9.842480000e-03,0.000000,0.088937
9.844480000e-03,0.000000,0.088759
9.846480000e-03,0.000000,0.088582
9.848480000e-03,0.000000,0.088405
9.850480000e-03,0.000000,0.088228
9.852480000e-03,0.000000,0.088052
9.854480000e-03,0.000000,0.087876
9.856480000e-03,0.000000,0.087700
9.858480000e-03,0.000000,0.087525
9.860480000e-03,0.000000,0.087350
9.862480000e-03,0.000000,0.087176
9.864480000e-03,0.000000,0.087001
9.866480000e-03,0.000000,0.086828
9.868480000e-03,0.000000,0.086654
9.870480000e-03,0.000000,0.086481
9.872480000e-03,0.000000,0.086308
9.874480000e-03,0.000000,0.086136
9.876480000e-03,0.000000,0.085964
9.878480000e-03,0.000000,0.085792
9.880480000e-03,0.000000,0.085620
9.882480000e-03,0.000000,0.085449
9.884480000e-03,0.000000,0.085279
9.886480000e-03,0.000000,0.085108
9.888480000e-03,0.000000,0.084938
9.890480000e-03,0.000000,0.084768
9.892480000e-03,0.000000,0.084599
9.894480000e-03,0.000000,0.084430
9.896480000e-03,0.000000,0.084261
9.898480000e-03,0.000000,0.084093
9.900480000e-03,0.000000,0.083925
9.902480000e-03,0.000000,0.083757
9.904480000e-03,0.000000,0.083590
9.906480000e-03,0.000000,0.083423
9.908480000e-03,0.000000,0.083256
9.910480000e-03,0.000000,0.083090
9.912480000e-03,0.000000,0.082924
9.914480000e-03,0.000000,0.082758
9.916480000e-03,0.000000,0.082593
9.918480000e-03,0.000000,0.082428
9.920480000e-03,0.000000,0.082263
9.922480000e-03,0.000000,0.082099
9.924480000e-03,0.000000,0.081935
9.926480000e-03,0.000000,0.081771
9.928480000e-03,0.000000,0.081608
9.930480000e-03,0.000000,0.081445
9.932480000e-03,0.000000,0.081282
9.934480000e-03,0.000000,0.081120
9.936480000e-03,0.000000,0.080957
9.938480000e-03,0.000000,0.080796
9.940480000e-03,0.000000,0.080634
9.942480000e-03,0.000000,0.080473
9.944480000e-03,0.000000,0.080312
9.946480000e-03,0.000000,0.080152
9.948480000e-03,0.000000,0.079992
9.950480000e-03,0.000000,0.079832
9.952480000e-03,0.000000,0.079672
9.954480000e-03,0.000000,0.079513
9.956480000e-03,0.000000,0.079354
9.958480000e-03,0.000000,0.079196
9.960480000e-03,0.000000,0.079038
9.962480000e-03,0.000000,0.078880
9.964480000e-03,0.000000,0.078722
9.966480000e-03,0.000000,0.078565
9.968480000e-03,0.000000,0.078408
9.970480000e-03,0.000000,0.078251
9.972480000e-03,0.000000,0.078095
9.974480000e-03,0.000000,0.077939
9.976480000e-03,0.000000,0.077783
9.978480000e-03,0.000000,0.077628
9.980480000e-03,0.000000,0.077473
9.982480000e-03,0.000000,0.077318
9.984480000e-03,0.000000,0.077163
9.986480000e-03,0.000000,0.077009
9.988480000e-03,0.000000,0.076855
9.990480000e-03,0.000000,0.076702
9.992480000e-03,0.000000,0.076548
9.994480000e-03,0.000000,0.076396
9.996480000e-03,0.000000,0.076243
9.998480000e-03,0.000000,0.076091
1.000000000e-02,0.000000,0.075975
1.000010000e-02,0.100000,0.075977
1.000030000e-02,0.300000,0.076002
1.000070000e-02,0.700000,0.076172
1.000100000e-02,1.000000,0.076404
1.000108000e-02,1.000000,0.076478
1.000124000e-02,1.000000,0.076625
1.000156000e-02,1.000000,0.076921
1.000220000e-02,1.000000,0.077511
1.000348000e-02,1.000000,0.078692
1.000548000e-02,1.000000,0.080532
1.000748000e-02,1.000000,0.082369
1.000948000e-02,1.000000,0.084203
1.001148000e-02,1.000000,0.086033
1.001348000e-02,1.000000,0.087859
1.001548000e-02,1.000000,0.089681
1.001748000e-02,1.000000,0.091500
1.001948000e-02,1.000000,0.093315
1.002148000e-02,1.000000,0.095127
1.002348000e-02,1.000000,0.096935
1.002548000e-02,1.000000,0.098739
1.002748000e-02,1.000000,0.100540
1.002948000e-02,1.000000,0.102337
1.003148000e-02,1.000000,0.104130
1.003348000e-02,1.000000,0.105920
1.003548000e-02,1.000000,0.107707
1.003748000e-02,1.000000,0.109489
1.003948000e-02,1.000000,0.111269
1.004148000e-02,1.000000,0.113044
1.004348000e-02,1.000000,0.114817
1.004548000e-02,1.000000,0.116585
1.004748000e-02,1.000000,0.118350
1.004948000e-02,1.000000,0.120112
1.005148000e-02,1.000000,0.121870
1.005348000e-02,1.000000,0.123624
1.005548000e-02,1.000000,0.125375
1.005748000e-02,1.000000,0.127123
1.005948000e-02,1.000000,0.128867
1.006148000e-02,1.000000,0.130607
1.006348000e-02,1.000000,0.132344
1.006548000e-02,1.000000,0.134078
1.006748000e-02,1.000000,0.135808
1.006948000e-02,1.000000,0.137535
1.007148000e-02,1.000000,0.139258
1.007348000e-02,1.000000,0.140978
1.007548000e-02,1.000000,0.142694
1.007748000e-02,1.000000,0.144407
1.007948000e-02,1.000000,0.146116
1.008148000e-02,1.000000,0.147822
1.008348000e-02,1.000000,0.149525
1.008548000e-02,1.000000,0.151224
1.008748000e-02,1.000000,0.152920
1.008948000e-02,1.000000,0.154613
1.009148000e-02,1.000000,0.156302
1.009348000e-02,1.000000,0.157987
1.009548000e-02,1.000000,0.159670
1.009748000e-02,1.000000,0.161349
1.009948000e-02,1.000000,0.163024
1.010148000e-02,1.000000,0.164697
1.010348000e-02,1.000000,0.166366
1.010548000e-02,1.000000,0.168031
1.010748000e-02,1.000000,0.169694
1.010948000e-02,1.000000,0.171352
1.011148000e-02,1.000000,0.173008
1.011348000e-02,1.000000,0.174660
1.011548000e-02,1.000000,0.176309
1.011748000e-02,1.000000,0.177955
1.011948000e-02,1.000000,0.179598
1.012148000e-02,1.000000,0.181237
1.012348000e-02,1.000000,0.182873
1.012548000e-02,1.000000,0.184505
1.012748000e-02,1.000000,0.186135
1.012948000e-02,1.000000,0.187761
1.013148000e-02,1.000000,0.189384
1.013348000e-02,1.000000,0.191003
1.013548000e-02,1.000000,0.192620
1.013748000e-02,1.000000,0.194233
1.013948000e-02,1.000000,0.195843
1.014148000e-02,1.000000,0.197449
1.014348000e-02,1.000000,0.199053
1.014548000e-02,1.000000,0.200653
1.014748000e-02,1.000000,0.202250
1.014948000e-02,1.000000,0.203844
1.015148000e-02,1.000000,0.205435
1.015348000e-02,1.000000,0.207022
1.015548000e-02,1.000000,0.208607
1.015748000e-02,1.000000,0.210188
1.015948000e-02,1.000000,0.211766
1.016148000e-02,1.000000,0.213341
1.016348000e-02,1.000000,0.214913
1.016548000e-02,1.000000,0.216481
1.016748000e-02,1.000000,0.218047
1.016948000e-02,1.000000,0.219609
1.017148000e-02,1.000000,0.221168
1.017348000e-02,1.000000,0.222724
1.017548000e-02,1.000000,0.224277
1.017748000e-02,1.000000,0.225827
1.017948000e-02,1.000000,0.227374
1.018148000e-02,1.000000,0.228918
1.018348000e-02,1.000000,0.230459
1.018548000e-02,1.000000,0.231996
1.018748000e-02,1.000000,0.233531
1.018948000e-02,1.000000,0.235062
1.019148000e-02,1.000000,0.236590
1.019348000e-02,1.000000,0.238116
1.019548000e-02,1.000000,0.239638
1.019748000e-02,1.000000,0.241157
1.019948000e-02,1.000000,0.242673
1.020148000e-02,1.000000,0.244186
1.020348000e-02,1.000000,0.245696
1.020548000e-02,1.000000,0.247204
1.020748000e-02,1.000000,0.248708
1.020948000e-02,1.000000,0.250209
1.021148000e-02,1.000000,0.251707
1.021348000e-02,1.000000,0.253202
1.021548000e-02,1.000000,0.254694
1.021748000e-02,1.000000,0.256183
1.021948000e-02,1.000000,0.257669
1.022148000e-02,1.000000,0.259152
1.022348000e-02,1.000000,0.260633
1.022548000e-02,1.000000,0.262110
1.022748000e-02,1.000000,0.263584
1.022948000e-02,1.000000,0.265056
1.023148000e-02,1.000000,0.266524
1.023348000e-02,1.000000,0.267990
1.023548000e-02,1.000000,0.269452
1.023748000e-02,1.000000,0.270912
1.023948000e-02,1.000000,0.272368
1.024148000e-02,1.000000,0.273822
1.024348000e-02,1.000000,0.275273
1.024548000e-02,1.000000,0.276721
1.024748000e-02,1.000000,0.278166
1.024948000e-02,1.000000,0.279608
1.025148000e-02,1.000000,0.281048
1.025348000e-02,1.000000,0.282484
1.025548000e-02,1.000000,0.283918
1.025748000e-02,1.000000,0.285349
1.025948000e-02,1.000000,0.286777
1.026148000e-02,1.000000,0.288202
1.026348000e-02,1.000000,0.289624
1.026548000e-02,1.000000,0.291043
1.026748000e-02,1.000000,0.292460
1.026948000e-02,1.000000,0.293873
1.027148000e-02,1.000000,0.295284
1.027348000e-02,1.000000,0.296692
1.027548000e-02,1.000000,0.298097
1.027748000e-02,1.000000,0.299500
1.027948000e-02,1.000000,0.300899
1.028148000e-02,1.000000,0.302296
1.028348000e-02,1.000000,0.303690
1.028548000e-02,1.000000,0.305081
1.028748000e-02,1.000000,0.306470
1.028948000e-02,1.000000,0.307855
1.029148000e-02,1.000000,0.309238
1.029348000e-02,1.000000,0.310618
1.029548000e-02,1.000000,0.311996
1.029748000e-02,1.000000,0.313371
1.029948000e-02,1.000000,0.314742
1.030148000e-02,1.000000,0.316112
1.030348000e-02,1.000000,0.317478
1.030548000e-02,1.000000,0.318842
1.030748000e-02,1.000000,0.320203
1.030948000e-02,1.000000,0.321561
1.031148000e-02,1.000000,0.322916
1.031348000e-02,1.000000,0.324269
1.031548000e-02,1.000000,0.325619
1.031748000e-02,1.000000,0.326967
1.031948000e-02,1.000000,0.328311
1.032148000e-02,1.000000,0.329653
1.032348000e-02,1.000000,0.330993
1.032548000e-02,1.000000,0.332329
1.032748000e-02,1.000000,0.333663
1.032948000e-02,1.000000,0.334995
1.033148000e-02,1.000000,0.336324
1.033348000e-02,1.000000,0.337650
1.033548000e-02,1.000000,0.338973
1.033748000e-02,1.000000,0.340294
1.033948000e-02,1.000000,0.341612
1.034148000e-02,1.000000,0.342927
1.034348000e-02,1.000000,0.344240
1.034548000e-02,1.000000,0.345550
1.034748000e-02,1.000000,0.346858
1.034948000e-02,1.000000,0.348163
1.035148000e-02,1.000000,0.349465
1.035348000e-02,1.000000,0.350765
1.035548000e-02,1.000000,0.352062
1.035748000e-02,1.000000,0.353357
1.035948000e-02,1.000000,0.354649
1.036148000e-02,1.000000,0.355938
1.036348000e-02,1.000000,0.357225
1.036548000e-02,1.000000,0.358509
1.036748000e-02,1.000000,0.359791
1.036948000e-02,1.000000,0.361070
1.037148000e-02,1.000000,0.362347
1.037348000e-02,1.000000,0.363621
1.037548000e-02,1.000000,0.364892
1.037748000e-02,1.000000,0.366161
1.037948000e-02,1.000000,0.367428
1.038148000e-02,1.000000,0.368691
1.038348000e-02,1.000000,0.369953
1.038548000e-02,1.000000,0.371212
1.038748000e-02,1.000000,0.372468
1.038948000e-02,1.000000,0.373722
1.039148000e-02,1.000000,0.374973
1.039348000e-02,1.000000,0.376222
1.039548000e-02,1.000000,0.377468
1.039748000e-02,1.000000,0.378712
1.039948000e-02,1.000000,0.379953
1.040148000e-02,1.000000,0.381192
1.040348000e-02,1.000000,0.382429
1.040548000e-02,1.000000,0.383662
1.040748000e-02,1.000000,0.384894
1.040948000e-02,1.000000,0.386123
1.041148000e-02,1.000000,0.387349
1.041348000e-02,1.000000,0.388573
1.041548000e-02,1.000000,0.389795
1.041748000e-02,1.000000,0.391014
1.041948000e-02,1.000000,0.392231
1.042148000e-02,1.000000,0.393445
1.042348000e-02,1.000000,0.394657
1.042548000e-02,1.000000,0.395867
1.042748000e-02,1.000000,0.397074
1.042948000e-02,1.000000,0.398278
1.043148000e-02,1.000000,0.399481
1.043348000e-02,1.000000,0.400681
1.043548000e-02,1.000000,0.401878
1.043748000e-02,1.000000,0.403073
1.043948000e-02,1.000000,0.404266
1.044148000e-02,1.000000,0.405456
1.044348000e-02,1.000000,0.406644
1.044548000e-02,1.000000,0.407829
1.044748000e-02,1.000000,0.409013
1.044948000e-02,1.000000,0.410193
1.045148000e-02,1.000000,0.411372
1.045348000e-02,1.000000,0.412548
1.045548000e-02,1.000000,0.413722
1.045748000e-02,1.000000,0.414893
1.045948000e-02,1.000000,0.416062
1.046148000e-02,1.000000,0.417229
1.046348000e-02,1.000000,0.418393
1.046548000e-02,1.000000,0.419555
1.046748000e-02,1.000000,0.420715
1.046948000e-02,1.000000,0.421872
1.047148000e-02,1.000000,0.423027
1.047348000e-02,1.000000,0.424180
1.047548000e-02,1.000000,0.425331
1.047748000e-02,1.000000,0.426479
1.047948000e-02,1.000000,0.427625
1.048148000e-02,1.000000,0.428768
1.048348000e-02,1.000000,0.429910
1.048548000e-02,1.000000,0.431049
1.048748000e-02,1.000000,0.432186
1.048948000e-02,1.000000,0.433320
1.049148000e-02,1.000000,0.434452
1.049348000e-02,1.000000,0.435582
1.049548000e-02,1.000000,0.436710
1.049748000e-02,1.000000,0.437835
1.049948000e-02,1.000000,0.438959
1.050148000e-02,1.000000,0.440080
1.050348000e-02,1.000000,0.441198
1.050548000e-02,1.000000,0.442315
1.050748000e-02,1.000000,0.443429
1.050948000e-02,1.000000,0.444541
1.051148000e-02,1.000000,0.445651
1.051348000e-02,1.000000,0.446758
1.051548000e-02,1.000000,0.447864
1.051748000e-02,1.000000,0.448967
1.051948000e-02,1.000000,0.450068
1.052148000e-02,1.000000,0.451167
1.052348000e-02,1.000000,0.452263
1.052548000e-02,1.000000,0.453358
1.052748000e-02,1.000000,0.454450
1.052948000e-02,1.000000,0.455540
1.053148000e-02,1.000000,0.456628
1.053348000e-02,1.000000,0.457713
1.053548000e-02,1.000000,0.458797
1.053748000e-02,1.000000,0.459878
1.053948000e-02,1.000000,0.460957
1.054148000e-02,1.000000,0.462034
1.054348000e-02,1.000000,0.463109
1.054548000e-02,1.000000,0.464182
1.054748000e-02,1.000000,0.465252
1.054948000e-02,1.000000,0.466321
1.055148000e-02,1.000000,0.467387
1.055348000e-02,1.000000,0.468451
1.055548000e-02,1.000000,0.469513
1.055748000e-02,1.000000,0.470573
1.055948000e-02,1.000000,0.471631
1.056148000e-02,1.000000,0.472687
1.056348000e-02,1.000000,0.473740
1.056548000e-02,1.000000,0.474792
1.056748000e-02,1.000000,0.475841
1.056948000e-02,1.000000,0.476888
1.057148000e-02,1.000000,0.477934
1.057348000e-02,1.000000,0.478977
1.057548000e-02,1.000000,0.480018
1.057748000e-02,1.000000,0.481057
1.057948000e-02,1.000000,0.482093
1.058148000e-02,1.000000,0.483128
1.058348000e-02,1.000000,0.484161
1.058548000e-02,1.000000,0.485192
1.058748000e-02,1.000000,0.486220
1.058948000e-02,1.000000,0.487247
1.059148000e-02,1.000000,0.488271
1.059348000e-02,1.000000,0.489294
1.059548000e-02,1.000000,0.490314
1.059748000e-02,1.000000,0.491332
1.059948000e-02,1.000000,0.492349
1.060148000e-02,1.000000,0.493363
1.060348000e-02,1.000000,0.494375
1.060548000e-02,1.000000,0.495386
1.060748000e-02,1.000000,0.496394
1.060948000e-02,1.000000,0.497400
1.061148000e-02,1.000000,0.498404
1.061348000e-02,1.000000,0.499406
1.061548000e-02,1.000000,0.500407
1.061748000e-02,1.000000,0.501405
1.061948000e-02,1.000000,0.502401
1.062148000e-02,1.000000,0.503395
1.062348000e-02,1.000000,0.504387
1.062548000e-02,1.000000,0.505378
1.062748000e-02,1.000000,0.506366
1.062948000e-02,1.000000,0.507352
1.063148000e-02,1.000000,0.508336
1.063348000e-02,1.000000,0.509319
1.063548000e-02,1.000000,0.510299
1.063748000e-02,1.000000,0.511278
1.063948000e-02,1.000000,0.512254
1.064148000e-02,1.000000,0.513229
1.064348000e-02,1.000000,0.514201
1.064548000e-02,1.000000,0.515172
1.064748000e-02,1.000000,0.516140
1.064948000e-02,1.000000,0.517107
1.065148000e-02,1.000000,0.518072
1.065348000e-02,1.000000,0.519035
1.065548000e-02,1.000000,0.519996
1.065748000e-02,1.000000,0.520955
1.065948000e-02,1.000000,0.521912
1.066148000e-02,1.000000,0.522867
1.066348000e-02,1.000000,0.523821
1.066548000e-02,1.000000,0.524772
1.066748000e-02,1.000000,0.525722
1.066948000e-02,1.000000,0.526669
1.067148000e-02,1.000000,0.527615
1.067348000e-02,1.000000,0.528559
1.067548000e-02,1.000000,0.529501
1.067748000e-02,1.000000,0.530441
1.067948000e-02,1.000000,0.531379
1.068148000e-02,1.000000,0.532315
1.068348000e-02,1.000000,0.533250
1.068548000e-02,1.000000,0.534182
1.068748000e-02,1.000000,0.535113
1.068948000e-02,1.000000,0.536042
1.069148000e-02,1.000000,0.536969
1.069348000e-02,1.000000,0.537894
1.069548000e-02,1.000000,0.538817
1.069748000e-02,1.000000,0.539739
1.069948000e-02,1.000000,0.540658
1.070148000e-02,1.000000,0.541576
1.070348000e-02,1.000000,0.542492
1.070548000e-02,1.000000,0.543406
1.070748000e-02,1.000000,0.544318
1.070948000e-02,1.000000,0.545229
1.071148000e-02,1.000000,0.546137
1.071348000e-02,1.000000,0.547044
1.071548000e-02,1.000000,0.547949
1.071748000e-02,1.000000,0.548852
1.071948000e-02,1.000000,0.549754
1.072148000e-02,1.000000,0.550653
1.072348000e-02,1.000000,0.551551
1.072548000e-02,1.000000,0.552447
1.072748000e-02,1.000000,0.553341
1.072948000e-02,1.000000,0.554234
1.073148000e-02,1.000000,0.555124
1.073348000e-02,1.000000,0.556013
1.073548000e-02,1.000000,0.556900
1.073748000e-02,1.000000,0.557786
1.073948000e-02,1.000000,0.558669
1.074148000e-02,1.000000,0.559551
1.074348000e-02,1.000000,0.560431
1.074548000e-02,1.000000,0.561309
1.074748000e-02,1.000000,0.562186
1.074948000e-02,1.000000,0.563061
1.075148000e-02,1.000000,0.563934
1.075348000e-02,1.000000,0.564805
1.075548000e-02,1.000000,0.565674
1.075748000e-02,1.000000,0.566542
1.075948000e-02,1.000000,0.567408
1.076148000e-02,1.000000,0.568272
1.076348000e-02,1.000000,0.569135
1.076548000e-02,1.000000,0.569996
1.076748000e-02,1.000000,0.570855
1.076948000e-02,1.000000,0.571713
1.077148000e-02,1.000000,0.572568
1.077348000e-02,1.000000,0.573422
1.077548000e-02,1.000000,0.574275
1.077748000e-02,1.000000,0.575125
1.077948000e-02,1.000000,0.575974
1.078148000e-02,1.000000,0.576821
1.078348000e-02,1.000000,0.577667
1.078548000e-02,1.000000,0.578511
1.078748000e-02,1.000000,0.579353
1.078948000e-02,1.000000,0.580193
1.079148000e-02,1.000000,0.581032
1.079348000e-02,1.000000,0.581869
1.079548000e-02,1.000000,0.582704
1.079748000e-02,1.000000,0.583538
1.079948000e-02,1.000000,0.584370
1.080148000e-02,1.000000,0.585201
1.080348000e-02,1.000000,0.586030
1.080548000e-02,1.000000,0.586857
1.080748000e-02,1.000000,0.587682
1.080948000e-02,1.000000,0.588506
1.081148000e-02,1.000000,0.589328
1.081348000e-02,1.000000,0.590149
1.081548000e-02,1.000000,0.590967
1.081748000e-02,1.000000,0.591785
1.081948000e-02,1.000000,0.592600
1.082148000e-02,1.000000,0.593414
1.082348000e-02,1.000000,0.594227
1.082548000e-02,1.000000,0.595037
1.082748000e-02,1.000000,0.595847
1.082948000e-02,1.000000,0.596654
1.083148000e-02,1.000000,0.597460
1.083348000e-02,1.000000,0.598264
1.083548000e-02,1.000000,0.599067
1.083748000e-02,1.000000,0.599868
1.083948000e-02,1.000000,0.600667
1.084148000e-02,1.000000,0.601465
1.084348000e-02,1.000000,0.602262
1.084548000e-02,1.000000,0.603056
1.084748000e-02,1.000000,0.603849
1.084948000e-02,1.000000,0.604641
1.085148000e-02,1.000000,0.605431
1.085348000e-02,1.000000,0.606219
1.085548000e-02,1.000000,0.607006
1.085748000e-02,1.000000,0.607791
1.085948000e-02,1.000000,0.608575
1.086148000e-02,1.000000,0.609357
1.086348000e-02,1.000000,0.610137
1.086548000e-02,1.000000,0.610916
1.086748000e-02,1.000000,0.611694
1.086948000e-02,1.000000,0.612469
1.087148000e-02,1.000000,0.613244
1.087348000e-02,1.000000,0.614016
1.087548000e-02,1.000000,0.614788
1.087748000e-02,1.000000,0.615557
1.087948000e-02,1.000000,0.616325
1.088148000e-02,1.000000,0.617092
1.088348000e-02,1.000000,0.617857
1.088548000e-02,1.000000,0.618621
1.088748000e-02,1.000000,0.619383
1.088948000e-02,1.000000,0.620143
1.089148000e-02,1.000000,0.620902
1.089348000e-02,1.000000,0.621659
1.089548000e-02,1.000000,0.622415
1.089748000e-02,1.000000,0.623170
1.089948000e-02,1.000000,0.623923
1.090148000e-02,1.000000,0.624674
1.090348000e-02,1.000000,0.625424
1.090548000e-02,1.000000,0.626172
1.090748000e-02,1.000000,0.626919
1.090948000e-02,1.000000,0.627665
1.091148000e-02,1.000000,0.628409
1.091348000e-02,1.000000,0.629151
1.091548000e-02,1.000000,0.629892
1.091748000e-02,1.000000,0.630632
1.091948000e-02,1.000000,0.631370
1.092148000e-02,1.000000,0.632106
1.092348000e-02,1.000000,0.632841
1.092548000e-02,1.000000,0.633575
1.092748000e-02,1.000000,0.634307
1.092948000e-02,1.000000,0.635037
1.093148000e-02,1.000000,0.635767
1.093348000e-02,1.000000,0.636494
1.093548000e-02,1.000000,0.637221
1.093748000e-02,1.000000,0.637946
1.093948000e-02,1.000000,0.638669
1.094148000e-02,1.000000,0.639391
1.094348000e-02,1.000000,0.640111
1.094548000e-02,1.000000,0.640830
1.094748000e-02,1.000000,0.641548
1.094948000e-02,1.000000,0.642264
1.095148000e-02,1.000000,0.642979
1.095348000e-02,1.000000,0.643692
1.095548000e-02,1.000000,0.644404
1.095748000e-02,1.000000,0.645115
1.095948000e-02,1.000000,0.645824
1.096148000e-02,1.000000,0.646531
1.096348000e-02,1.000000,0.647238
1.096548000e-02,1.000000,0.647942
1.096748000e-02,1.000000,0.648646
1.096948000e-02,1.000000,0.649348
1.097148000e-02,1.000000,0.650048
1.097348000e-02,1.000000,0.650748
1.097548000e-02,1.000000,0.651446
1.097748000e-02,1.000000,0.652142
1.097948000e-02,1.000000,0.652837
1.098148000e-02,1.000000,0.653531
1.098348000e-02,1.000000,0.654223
1.098548000e-02,1.000000,0.654914
1.098748000e-02,1.000000,0.655603
1.098948000e-02,1.000000,0.656291
1.099148000e-02,1.000000,0.656978
1.099348000e-02,1.000000,0.657663
1.099548000e-02,1.000000,0.658347
1.099748000e-02,1.000000,0.659030
1.099948000e-02,1.000000,0.659711
1.100148000e-02,1.000000,0.660391
1.100348000e-02,1.000000,0.661070
1.100548000e-02,1.000000,0.661747
1.100748000e-02,1.000000,0.662423
1.100948000e-02,1.000000,0.663097
1.101148000e-02,1.000000,0.663770
1.101348000e-02,1.000000,0.664442
1.101548000e-02,1.000000,0.665113
1.101748000e-02,1.000000,0.665782
1.101948000e-02,1.000000,0.666449
1.102148000e-02,1.000000,0.667116
1.102348000e-02,1.000000,0.667781
1.102548000e-02,1.000000,0.668445
1.102748000e-02,1.000000,0.669107
1.102948000e-02,1.000000,0.669768
1.103148000e-02,1.000000,0.670428
1.103348000e-02,1.000000,0.671087
1.103548000e-02,1.000000,0.671744
1.103748000e-02,1.000000,0.672400
1.103948000e-02,1.000000,0.673054
1.104148000e-02,1.000000,0.673707
1.104348000e-02,1.000000,0.674359
1.104548000e-02,1.000000,0.675010
1.104748000e-02,1.000000,0.675659
1.104948000e-02,1.000000,0.676307
1.105148000e-02,1.000000,0.676954
1.105348000e-02,1.000000,0.677599
1.105548000e-02,1.000000,0.678244
1.105748000e-02,1.000000,0.678887
1.105948000e-02,1.000000,0.679528
1.106148000e-02,1.000000,0.680168
1.106348000e-02,1.000000,0.680807
1.106548000e-02,1.000000,0.681445
1.106748000e-02,1.000000,0.682082
1.106948000e-02,1.000000,0.682717
1.107148000e-02,1.000000,0.683351
1.107348000e-02,1.000000,0.683983
1.107548000e-02,1.000000,0.684615
1.107748000e-02,1.000000,0.685245
1.107948000e-02,1.000000,0.685874
1.108148000e-02,1.000000,0.686502
1.108348000e-02,1.000000,0.687128
1.108548000e-02,1.000000,0.687753
1.108748000e-02,1.000000,0.688377
1.108948000e-02,1.000000,0.688999
1.109148000e-02,1.000000,0.689621
1.109348000e-02,1.000000,0.690241
1.109548000e-02,1.000000,0.690860
1.109748000e-02,1.000000,0.691478
1.109948000e-02,1.000000,0.692094
1.110148000e-02,1.000000,0.692709
1.110348000e-02,1.000000,0.693323
1.110548000e-02,1.000000,0.693936
1.110748000e-02,1.000000,0.694547
1.110948000e-02,1.000000,0.695158
1.111148000e-02,1.000000,0.695767
1.111348000e-02,1.000000,0.696375
1.111548000e-02,1.000000,0.696981
1.111748000e-02,1.000000,0.697587
1.111948000e-02,1.000000,0.698191
1.112148000e-02,1.000000,0.698794
1.112348000e-02,1.000000,0.699396
1.112548000e-02,1.000000,0.699996
1.112748000e-02,1.000000,0.700596
1.112948000e-02,1.000000,0.701194
1.113148000e-02,1.000000,0.701791
1.113348000e-02,1.000000,0.702387
1.113548000e-02,1.000000,0.702981
1.113748000e-02,1.000000,0.703575
1.113948000e-02,1.000000,0.704167
1.114148000e-02,1.000000,0.704758
1.114348000e-02,1.000000,0.705348
1.114548000e-02,1.000000,0.705937
1.114748000e-02,1.000000,0.706524
1.114948000e-02,1.000000,0.707111
1.115148000e-02,1.000000,0.707696
1.115348000e-02,1.000000,0.708280
1.115548000e-02,1.000000,0.708863
1.115748000e-02,1.000000,0.709445
1.115948000e-02,1.000000,0.710025
1.116148000e-02,1.000000,0.710604
1.116348000e-02,1.000000,0.711183
1.116548000e-02,1.000000,0.711760
1.116748000e-02,1.000000,0.712336
1.116948000e-02,1.000000,0.712910
1.117148000e-02,1.000000,0.713484
1.117348000e-02,1.000000,0.714056
1.117548000e-02,1.000000,0.714628
1.117748000e-02,1.000000,0.715198
1.117948000e-02,1.000000,0.715767
1.118148000e-02,1.000000,0.716335
1.118348000e-02,1.000000,0.716902
1.118548000e-02,1.000000,0.717467
1.118748000e-02,1.000000,0.718032
1.118948000e-02,1.000000,0.718595
1.119148000e-02,1.000000,0.719157
1.119348000e-02,1.000000,0.719718
1.119548000e-02,1.000000,0.720278
1.119748000e-02,1.000000,0.720837
1.119948000e-02,1.000000,0.721395
1.120148000e-02,1.000000,0.721952
1.120348000e-02,1.000000,0.722507
1.120548000e-02,1.000000,0.723062
1.120748000e-02,1.000000,0.723615
1.120948000e-02,1.000000,0.724167
1.121148000e-02,1.000000,0.724718
1.121348000e-02,1.000000,0.725268
1.121548000e-02,1.000000,0.725817
1.121748000e-02,1.000000,0.726365
1.121948000e-02,1.000000,0.726912
1.122148000e-02,1.000000,0.727458
1.122348000e-02,1.000000,0.728002
1.122548000e-02,1.000000,0.728546
1.122748000e-02,1.000000,0.729088
1.122948000e-02,1.000000,0.729629
1.123148000e-02,1.000000,0.730169
1.123348000e-02,1.000000,0.730708
1.123548000e-02,1.000000,0.731247
1.123748000e-02,1.000000,0.731783
1.123948000e-02,1.000000,0.732319
1.124148000e-02,1.000000,0.732854
1.124348000e-02,1.000000,0.733388
1.124548000e-02,1.000000,0.733921
1.124748000e-02,1.000000,0.734452
1.124948000e-02,1.000000,0.734983
1.125148000e-02,1.000000,0.735512
1.125348000e-02,1.000000,0.736041
1.125548000e-02,1.000000,0.736568
1.125748000e-02,1.000000,0.737095
1.125948000e-02,1.000000,0.737620
1.126148000e-02,1.000000,0.738144
1.126348000e-02,1.000000,0.738667
1.126548000e-02,1.000000,0.739189
1.126748000e-02,1.000000,0.739710
1.126948000e-02,1.000000,0.740231
1.127148000e-02,1.000000,0.740750
1.127348000e-02,1.000000,0.741268
1.127548000e-02,1.000000,0.741785
1.127748000e-02,1.000000,0.742300
1.127948000e-02,1.000000,0.742815
1.128148000e-02,1.000000,0.743329
1.128348000e-02,1.000000,0.743842
1.128548000e-02,1.000000,0.744354
1.128748000e-02,1.000000,0.744865
1.128948000e-02,1.000000,0.745374
1.129148000e-02,1.000000,0.745883
1.129348000e-02,1.000000,0.746391
1.129548000e-02,1.000000,0.746898
1.129748000e-02,1.000000,0.747403
1.129948000e-02,1.000000,0.747908
1.130148000e-02,1.000000,0.748412
1.130348000e-02,1.000000,0.748914
1.130548000e-02,1.000000,0.749416
1.130748000e-02,1.000000,0.749917
1.130948000e-02,1.000000,0.750416
1.131148000e-02,1.000000,0.750915
1.131348000e-02,1.000000,0.751413
1.131548000e-02,1.000000,0.751909
1.131748000e-02,1.000000,0.752405
1.131948000e-02,1.000000,0.752900
1.132148000e-02,1.000000,0.753393
1.132348000e-02,1.000000,0.753886
1.132548000e-02,1.000000,0.754378
1.132748000e-02,1.000000,0.754869
1.132948000e-02,1.000000,0.755358
1.133148000e-02,1.000000,0.755847
1.133348000e-02,1.000000,0.756335
1.133548000e-02,1.000000,0.756822
1.133748000e-02,1.000000,0.757308
1.133948000e-02,1.000000,0.757793
1.134148000e-02,1.000000,0.758277
1.134348000e-02,1.000000,0.758759
1.134548000e-02,1.000000,0.759241
1.134748000e-02,1.000000,0.759723
1.134948000e-02,1.000000,0.760203
1.135148000e-02,1.000000,0.760682
1.135348000e-02,1.000000,0.761160
1.135548000e-02,1.000000,0.761637
1.135748000e-02,1.000000,0.762113
1.135948000e-02,1.000000,0.762589
1.136148000e-02,1.000000,0.763063
1.136348000e-02,1.000000,0.763536
1.136548000e-02,1.000000,0.764009
1.136748000e-02,1.000000,0.764480
1.136948000e-02,1.000000,0.764951
1.137148000e-02,1.000000,0.765421
1.137348000e-02,1.000000,0.765889
1.137548000e-02,1.000000,0.766357
1.137748000e-02,1.000000,0.766824
1.137948000e-02,1.000000,0.767290
1.138148000e-02,1.000000,0.767755
1.138348000e-02,1.000000,0.768219
1.138548000e-02,1.000000,0.768682
1.138748000e-02,1.000000,0.769144
1.138948000e-02,1.000000,0.769605
1.139148000e-02,1.000000,0.770066
1.139348000e-02,1.000000,0.770525
1.139548000e-02,1.000000,0.770983
1.139748000e-02,1.000000,0.771441
1.139948000e-02,1.000000,0.771898
1.140148000e-02,1.000000,0.772353
1.140348000e-02,1.000000,0.772808
1.140548000e-02,1.000000,0.773262
1.140748000e-02,1.000000,0.773715
1.140948000e-02,1.000000,0.774167
1.141148000e-02,1.000000,0.774619
1.141348000e-02,1.000000,0.775069
1.141548000e-02,1.000000,0.775518
1.141748000e-02,1.000000,0.775967
1.141948000e-02,1.000000,0.776414
1.142148000e-02,1.000000,0.776861
1.142348000e-02,1.000000,0.777307
1.142548000e-02,1.000000,0.777752
1.142748000e-02,1.000000,0.778196
1.142948000e-02,1.000000,0.778639
1.143148000e-02,1.000000,0.779081
1.143348000e-02,1.000000,0.779523
1.143548000e-02,1.000000,0.779963
1.143748000e-02,1.000000,0.780403
1.143948000e-02,1.000000,0.780842
1.144148000e-02,1.000000,0.781280
1.144348000e-02,1.000000,0.781717
1.144548000e-02,1.000000,0.782153
1.144748000e-02,1.000000,0.782588
1.144948000e-02,1.000000,0.783022
1.145148000e-02,1.000000,0.783456
1.145348000e-02,1.000000,0.783889
1.145548000e-02,1.000000,0.784320
1.145748000e-02,1.000000,0.784751
1.145948000e-02,1.000000,0.785181
1.146148000e-02,1.000000,0.785611
1.146348000e-02,1.000000,0.786039
1.146548000e-02,1.000000,0.786466
1.146748000e-02,1.000000,0.786893
1.146948000e-02,1.000000,0.787319
1.147148000e-02,1.000000,0.787744
1.147348000e-02,1.000000,0.788168
1.147548000e-02,1.000000,0.788591
1.147748000e-02,1.000000,0.789013
1.147948000e-02,1.000000,0.789435
1.148148000e-02,1.000000,0.789856
1.148348000e-02,1.000000,0.790276
1.148548000e-02,1.000000,0.790695
1.148748000e-02,1.000000,0.791113
1.148948000e-02,1.000000,0.791530
1.149148000e-02,1.000000,0.791947
1.149348000e-02,1.000000,0.792362
1.149548000e-02,1.000000,0.792777
1.149748000e-02,1.000000,0.793191
1.149948000e-02,1.000000,0.793604
1.150148000e-02,1.000000,0.794017
1.150348000e-02,1.000000,0.794428
1.150548000e-02,1.000000,0.794839
1.150748000e-02,1.000000,0.795249
1.150948000e-02,1.000000,0.795658
1.151148000e-02,1.000000,0.796066
1.151348000e-02,1.000000,0.796474
1.151548000e-02,1.000000,0.796881
1.151748000e-02,1.000000,0.797286
1.151948000e-02,1.000000,0.797691
1.152148000e-02,1.000000,0.798096
1.152348000e-02,1.000000,0.798499
1.152548000e-02,1.000000,0.798902
1.152748000e-02,1.000000,0.799303
1.152948000e-02,1.000000,0.799704
1.153148000e-02,1.000000,0.800105
1.153348000e-02,1.000000,0.800504
1.153548000e-02,1.000000,0.800903
1.153748000e-02,1.000000,0.801300
1.153948000e-02,1.000000,0.801697
1.154148000e-02,1.000000,0.802094
1.154348000e-02,1.000000,0.802489
1.154548000e-02,1.000000,0.802884
1.154748000e-02,1.000000,0.803277
1.154948000e-02,1.000000,0.803670
1.155148000e-02,1.000000,0.804063
1.155348000e-02,1.000000,0.804454
1.155548000e-02,1.000000,0.804845
1.155748000e-02,1.000000,0.805235
1.155948000e-02,1.000000,0.805624
1.156148000e-02,1.000000,0.806012
1.156348000e-02,1.000000,0.806400
1.156548000e-02,1.000000,0.806787
1.156748000e-02,1.000000,0.807173
1.156948000e-02,1.000000,0.807558
1.157148000e-02,1.000000,0.807943
1.157348000e-02,1.000000,0.808326
1.157548000e-02,1.000000,0.808709
1.157748000e-02,1.000000,0.809091
1.157948000e-02,1.000000,0.809473
1.158148000e-02,1.000000,0.809854
1.158348000e-02,1.000000,0.810233
1.158548000e-02,1.000000,0.810613
1.158748000e-02,1.000000,0.810991
1.158948000e-02,1.000000,0.811369
1.159148000e-02,1.000000,0.811746
1.159348000e-02,1.000000,0.812122
1.159548000e-02,1.000000,0.812497
1.159748000e-02,1.000000,0.812872
1.159948000e-02,1.000000,0.813246
1.160148000e-02,1.000000,0.813619
1.160348000e-02,1.000000,0.813991
1.160548000e-02,1.000000,0.814363
1.160748000e-02,1.000000,0.814734
1.160948000e-02,1.000000,0.815104
1.161148000e-02,1.000000,0.815473
1.161348000e-02,1.000000,0.815842
1.161548000e-02,1.000000,0.816210
1.161748000e-02,1.000000,0.816577
1.161948000e-02,1.000000,0.816944
1.162148000e-02,1.000000,0.817309
1.162348000e-02,1.000000,0.817674
1.162548000e-02,1.000000,0.818039
1.162748000e-02,1.000000,0.818402
1.162948000e-02,1.000000,0.818765
1.163148000e-02,1.000000,0.819127
1.163348000e-02,1.000000,0.819489
1.163548000e-02,1.000000,0.819849
1.163748000e-02,1.000000,0.820209
1.163948000e-02,1.000000,0.820568
1.164148000e-02,1.000000,0.820927
1.164348000e-02,1.000000,0.821285
1.164548000e-02,1.000000,0.821642
1.164748000e-02,1.000000,0.821998
1.164948000e-02,1.000000,0.822354
1.165148000e-02,1.000000,0.822709
1.165348000e-02,1.000000,0.823063
1.165548000e-02,1.000000,0.823416
1.165748000e-02,1.000000,0.823769
1.165948000e-02,1.000000,0.824121
1.166148000e-02,1.000000,0.824473
1.166348000e-02,1.000000,0.824823
1.166548000e-02,1.000000,0.825173
1.166748000e-02,1.000000,0.825523
1.166948000e-02,1.000000,0.825871
1.167148000e-02,1.000000,0.826219
1.167348000e-02,1.000000,0.826566
1.167548000e-02,1.000000,0.826913
1.167748000e-02,1.000000,0.827259
1.167948000e-02,1.000000,0.827604
1.168148000e-02,1.000000,0.827948
1.168348000e-02,1.000000,0.828292
1.168548000e-02,1.000000,0.828635
1.168748000e-02,1.000000,0.828978
1.168948000e-02,1.000000,0.829319
1.169148000e-02,1.000000,0.829660
1.169348000e-02,1.000000,0.830001
1.169548000e-02,1.000000,0.830340
1.169748000e-02,1.000000,0.830679
1.169948000e-02,1.000000,0.831018
1.170148000e-02,1.000000,0.831355
1.170348000e-02,1.000000,0.831692
1.170548000e-02,1.000000,0.832028
1.170748000e-02,1.000000,0.832364
1.170948000e-02,1.000000,0.832699
1.171148000e-02,1.000000,0.833033
1.171348000e-02,1.000000,0.833367
1.171548000e-02,1.000000,0.833700
1.171748000e-02,1.000000,0.834032
1.171948000e-02,1.000000,0.834364
1.172148000e-02,1.000000,0.834695
1.172348000e-02,1.000000,0.835025
1.172548000e-02,1.000000,0.835355
1.172748000e-02,1.000000,0.835684
1.172948000e-02,1.000000,0.836012
1.173148000e-02,1.000000,0.836339
1.173348000e-02,1.000000,0.836666
1.173548000e-02,1.000000,0.836993
1.173748000e-02,1.000000,0.837318
1.173948000e-02,1.000000,0.837644
1.174148000e-02,1.000000,0.837968
1.174348000e-02,1.000000,0.838292
1.174548000e-02,1.000000,0.838615
1.174748000e-02,1.000000,0.838937
1.174948000e-02,1.000000,0.839259
1.175148000e-02,1.000000,0.839580
1.175348000e-02,1.000000,0.839901
1.175548000e-02,1.000000,0.840221
1.175748000e-02,1.000000,0.840540
1.175948000e-02,1.000000,0.840858
1.176148000e-02,1.000000,0.841176
1.176348000e-02,1.000000,0.841494
1.176548000e-02,1.000000,0.841810
1.176748000e-02,1.000000,0.842126
1.176948000e-02,1.000000,0.842442
1.177148000e-02,1.000000,0.842757
1.177348000e-02,1.000000,0.843071
1.177548000e-02,1.000000,0.843384
1.177748000e-02,1.000000,0.843697
1.177948000e-02,1.000000,0.844010
1.178148000e-02,1.000000,0.844321
1.178348000e-02,1.000000,0.844632
1.178548000e-02,1.000000,0.844943
1.178748000e-02,1.000000,0.845253
1.178948000e-02,1.000000,0.845562
1.179148000e-02,1.000000,0.845870
1.179348000e-02,1.000000,0.846178
1.179548000e-02,1.000000,0.846486
1.179748000e-02,1.000000,0.846792
1.179948000e-02,1.000000,0.847098
1.180148000e-02,1.000000,0.847404
1.180348000e-02,1.000000,0.847709
1.180548000e-02,1.000000,0.848013
1.180748000e-02,1.000000,0.848317
1.180948000e-02,1.000000,0.848620
1.181148000e-02,1.000000,0.848922
1.181348000e-02,1.000000,0.849224
1.181548000e-02,1.000000,0.849525
1.181748000e-02,1.000000,0.849826
1.181948000e-02,1.000000,0.850126
1.182148000e-02,1.000000,0.850426
1.182348000e-02,1.000000,0.850724
1.182548000e-02,1.000000,0.851023
1.182748000e-02,1.000000,0.851320
1.182948000e-02,1.000000,0.851617
1.183148000e-02,1.000000,0.851914
1.183348000e-02,1.000000,0.852210
1.183548000e-02,1.000000,0.852505
1.183748000e-02,1.000000,0.852800
1.183948000e-02,1.000000,0.853094
1.184148000e-02,1.000000,0.853387
1.184348000e-02,1.000000,0.853680
1.184548000e-02,1.000000,0.853973
1.184748000e-02,1.000000,0.854264
1.184948000e-02,1.000000,0.854556
1.185148000e-02,1.000000,0.854846
1.185348000e-02,1.000000,0.855136
1.185548000e-02,1.000000,0.855426
1.185748000e-02,1.000000,0.855714
1.185948000e-02,1.000000,0.856003
1.186148000e-02,1.000000,0.856290
1.186348000e-02,1.000000,0.856578
1.186548000e-02,1.000000,0.856864
1.186748000e-02,1.000000,0.857150
1.186948000e-02,1.000000,0.857436
1.187148000e-02,1.000000,0.857720
1.187348000e-02,1.000000,0.858005
1.187548000e-02,1.000000,0.858288
1.187748000e-02,1.000000,0.858571
1.187948000e-02,1.000000,0.858854
1.188148000e-02,1.000000,0.859136
1.188348000e-02,1.000000,0.859418
1.188548000e-02,1.000000,0.859698
1.188748000e-02,1.000000,0.859979
1.188948000e-02,1.000000,0.860258
1.189148000e-02,1.000000,0.860538
1.189348000e-02,1.000000,0.860816
1.189548000e-02,1.000000,0.861094
1.189748000e-02,1.000000,0.861372
1.189948000e-02,1.000000,0.861649
1.190148000e-02,1.000000,0.861925
1.190348000e-02,1.000000,0.862201
1.190548000e-02,1.000000,0.862477
1.190748000e-02,1.000000,0.862751
1.190948000e-02,1.000000,0.863026
1.191148000e-02,1.000000,0.863299
1.191348000e-02,1.000000,0.863572
1.191548000e-02,1.000000,0.863845
1.191748000e-02,1.000000,0.864117
1.191948000e-02,1.000000,0.864388
1.192148000e-02,1.000000,0.864659
1.192348000e-02,1.000000,0.864930
1.192548000e-02,1.000000,0.865200
1.192748000e-02,1.000000,0.865469
1.192948000e-02,1.000000,0.865738
1.193148000e-02,1.000000,0.866006
1.193348000e-02,1.000000,0.866274
1.193548000e-02,1.000000,0.866541
1.193748000e-02,1.000000,0.866808
1.193948000e-02,1.000000,0.867074
1.194148000e-02,1.000000,0.867339
1.194348000e-02,1.000000,0.867604
1.194548000e-02,1.000000,0.867869
1.194748000e-02,1.000000,0.868133
1.194948000e-02,1.000000,0.868396
1.195148000e-02,1.000000,0.868659
1.195348000e-02,1.000000,0.868922
1.195548000e-02,1.000000,0.869184
1.195748000e-02,1.000000,0.869445
1.195948000e-02,1.000000,0.869706
1.196148000e-02,1.000000,0.869966
1.196348000e-02,1.000000,0.870226
1.196548000e-02,1.000000,0.870485
1.196748000e-02,1.000000,0.870744
1.196948000e-02,1.000000,0.871002
1.197148000e-02,1.000000,0.871260
1.197348000e-02,1.000000,0.871517
1.197548000e-02,1.000000,0.871774
1.197748000e-02,1.000000,0.872030
1.197948000e-02,1.000000,0.872286
1.198148000e-02,1.000000,0.872541
1.198348000e-02,1.000000,0.872796
1.198548000e-02,1.000000,0.873050
1.198748000e-02,1.000000,0.873304
1.198948000e-02,1.000000,0.873557
1.199148000e-02,1.000000,0.873809
1.199348000e-02,1.000000,0.874061
1.199548000e-02,1.000000,0.874313
1.199748000e-02,1.000000,0.874564
1.199948000e-02,1.000000,0.874815
1.200148000e-02,1.000000,0.875065
1.200348000e-02,1.000000,0.875315
1.200548000e-02,1.000000,0.875564
1.200748000e-02,1.000000,0.875812
1.200948000e-02,1.000000,0.876060
1.201148000e-02,1.000000,0.876308
1.201348000e-02,1.000000,0.876555
1.201548000e-02,1.000000,0.876802
1.201748000e-02,1.000000,0.877048
1.201948000e-02,1.000000,0.877294
1.202148000e-02,1.000000,0.877539
1.202348000e-02,1.000000,0.877783
1.202548000e-02,1.000000,0.878028
1.202748000e-02,1.000000,0.878271
1.202948000e-02,1.000000,0.878515
1.203148000e-02,1.000000,0.878757
1.203348000e-02,1.000000,0.879000
1.203548000e-02,1.000000,0.879241
1.203748000e-02,1.000000,0.879483
1.203948000e-02,1.000000,0.879723
1.204148000e-02,1.000000,0.879964
1.204348000e-02,1.000000,0.880204
1.204548000e-02,1.000000,0.880443
1.204748000e-02,1.000000,0.880682
1.204948000e-02,1.000000,0.880920
1.205148000e-02,1.000000,0.881158
1.205348000e-02,1.000000,0.881396
1.205548000e-02,1.000000,0.881632
1.205748000e-02,1.000000,0.881869
1.205948000e-02,1.000000,0.882105
1.206148000e-02,1.000000,0.882341
1.206348000e-02,1.000000,0.882576
1.206548000e-02,1.000000,0.882810
1.206748000e-02,1.000000,0.883044
1.206948000e-02,1.000000,0.883278
1.207148000e-02,1.000000,0.883511
1.207348000e-02,1.000000,0.883744
1.207548000e-02,1.000000,0.883976
1.207748000e-02,1.000000,0.884208
1.207948000e-02,1.000000,0.884439
1.208148000e-02,1.000000,0.884670
1.208348000e-02,1.000000,0.884901
1.208548000e-02,1.000000,0.885131
1.208748000e-02,1.000000,0.885360
1.208948000e-02,1.000000,0.885589
1.209148000e-02,1.000000,0.885818
1.209348000e-02,1.000000,0.886046
1.209548000e-02,1.000000,0.886274
1.209748000e-02,1.000000,0.886501
1.209948000e-02,1.000000,0.886728
1.210148000e-02,1.000000,0.886954
1.210348000e-02,1.000000,0.887180
1.210548000e-02,1.000000,0.887405
1.210748000e-02,1.000000,0.887630
1.210948000e-02,1.000000,0.887855
1.211148000e-02,1.000000,0.888079
1.211348000e-02,1.000000,0.888303
1.211548000e-02,1.000000,0.888526
1.211748000e-02,1.000000,0.888748
1.211948000e-02,1.000000,0.888971
1.212148000e-02,1.000000,0.889193
1.212348000e-02,1.000000,0.889414
1.212548000e-02,1.000000,0.889635
1.212748000e-02,1.000000,0.889855
1.212948000e-02,1.000000,0.890075
1.213148000e-02,1.000000,0.890295
1.213348000e-02,1.000000,0.890514
1.213548000e-02,1.000000,0.890733
1.213748000e-02,1.000000,0.890951
1.213948000e-02,1.000000,0.891169
1.214148000e-02,1.000000,0.891387
1.214348000e-02,1.000000,0.891604
1.214548000e-02,1.000000,0.891820
1.214748000e-02,1.000000,0.892036
1.214948000e-02,1.000000,0.892252
1.215148000e-02,1.000000,0.892467
1.215348000e-02,1.000000,0.892682
1.215548000e-02,1.000000,0.892897
1.215748000e-02,1.000000,0.893111
1.215948000e-02,1.000000,0.893324
1.216148000e-02,1.000000,0.893537
1.216348000e-02,1.000000,0.893750
1.216548000e-02,1.000000,0.893962
1.216748000e-02,1.000000,0.894174
1.216948000e-02,1.000000,0.894386
1.217148000e-02,1.000000,0.894597
1.217348000e-02,1.000000,0.894807
1.217548000e-02,1.000000,0.895017
1.217748000e-02,1.000000,0.895227
1.217948000e-02,1.000000,0.895437
1.218148000e-02,1.000000,0.895645
1.218348000e-02,1.000000,0.895854
1.218548000e-02,1.000000,0.896062
1.218748000e-02,1.000000,0.896270
1.218948000e-02,1.000000,0.896477
1.219148000e-02,1.000000,0.896684
1.219348000e-02,1.000000,0.896890
1.219548000e-02,1.000000,0.897096
1.219748000e-02,1.000000,0.897302
1.219948000e-02,1.000000,0.897507
1.220148000e-02,1.000000,0.897712
1.220348000e-02,1.000000,0.897916
1.220548000e-02,1.000000,0.898120
1.220748000e-02,1.000000,0.898324
1.220948000e-02,1.000000,0.898527
1.221148000e-02,1.000000,0.898730
1.221348000e-02,1.000000,0.898932
1.221548000e-02,1.000000,0.899134
1.221748000e-02,1.000000,0.899335
1.221948000e-02,1.000000,0.899537
1.222148000e-02,1.000000,0.899737
1.222348000e-02,1.000000,0.899938
1.222548000e-02,1.000000,0.900138
1.222748000e-02,1.000000,0.900337
1.222948000e-02,1.000000,0.900536
1.223148000e-02,1.000000,0.900735
1.223348000e-02,1.000000,0.900933
1.223548000e-02,1.000000,0.901131
1.223748000e-02,1.000000,0.901329
1.223948000e-02,1.000000,0.901526
1.224148000e-02,1.000000,0.901723
1.224348000e-02,1.000000,0.901919
1.224548000e-02,1.000000,0.902115
1.224748000e-02,1.000000,0.902310
1.224948000e-02,1.000000,0.902506
1.225148000e-02,1.000000,0.902700
1.225348000e-02,1.000000,0.902895
1.225548000e-02,1.000000,0.903089
1.225748000e-02,1.000000,0.903283
1.225948000e-02,1.000000,0.903476
1.226148000e-02,1.000000,0.903669
1.226348000e-02,1.000000,0.903861
1.226548000e-02,1.000000,0.904053
1.226748000e-02,1.000000,0.904245
1.226948000e-02,1.000000,0.904436
1.227148000e-02,1.000000,0.904627
1.227348000e-02,1.000000,0.904818
1.227548000e-02,1.000000,0.905008
1.227748000e-02,1.000000,0.905198
1.227948000e-02,1.000000,0.905387
1.228148000e-02,1.000000,0.905576
1.228348000e-02,1.000000,0.905765
1.228548000e-02,1.000000,0.905953
1.228748000e-02,1.000000,0.906141
1.228948000e-02,1.000000,0.906328
1.229148000e-02,1.000000,0.906516
1.229348000e-02,1.000000,0.906702
1.229548000e-02,1.000000,0.906889
1.229748000e-02,1.000000,0.907075
1.229948000e-02,1.000000,0.907261
1.230148000e-02,1.000000,0.907446
1.230348000e-02,1.000000,0.907631
1.230548000e-02,1.000000,0.907815
1.230748000e-02,1.000000,0.907999
1.230948000e-02,1.000000,0.908183
1.231148000e-02,1.000000,0.908367
1.231348000e-02,1.000000,0.908550
1.231548000e-02,1.000000,0.908733
1.231748000e-02,1.000000,0.908915
1.231948000e-02,1.000000,0.909097
1.232148000e-02,1.000000,0.909279
1.232348000e-02,1.000000,0.909460
1.232548000e-02,1.000000,0.909641
1.232748000e-02,1.000000,0.909821
1.232948000e-02,1.000000,0.910001
1.233148000e-02,1.000000,0.910181
1.233348000e-02,1.000000,0.910361
1.233548000e-02,1.000000,0.910540
1.233748000e-02,1.000000,0.910719
1.233948000e-02,1.000000,0.910897
1.234148000e-02,1.000000,0.911075
1.234348000e-02,1.000000,0.911253
1.234548000e-02,1.000000,0.911430
1.234748000e-02,1.000000,0.911607
1.234948000e-02,1.000000,0.911783
1.235148000e-02,1.000000,0.911960
1.235348000e-02,1.000000,0.912136
1.235548000e-02,1.000000,0.912311
1.235748000e-02,1.000000,0.912486
1.235948000e-02,1.000000,0.912661
1.236148000e-02,1.000000,0.912836
1.236348000e-02,1.000000,0.913010
1.236548000e-02,1.000000,0.913184
1.236748000e-02,1.000000,0.913357
1.236948000e-02,1.000000,0.913530
1.237148000e-02,1.000000,0.913703
1.237348000e-02,1.000000,0.913875
1.237548000e-02,1.000000,0.914048
1.237748000e-02,1.000000,0.914219
1.237948000e-02,1.000000,0.914391
1.238148000e-02,1.000000,0.914562
1.238348000e-02,1.000000,0.914732
1.238548000e-02,1.000000,0.914903
1.238748000e-02,1.000000,0.915073
1.238948000e-02,1.000000,0.915243
1.239148000e-02,1.000000,0.915412
1.239348000e-02,1.000000,0.915581
1.239548000e-02,1.000000,0.915750
1.239748000e-02,1.000000,0.915918
1.239948000e-02,1.000000,0.916086
1.240148000e-02,1.000000,0.916254
1.240348000e-02,1.000000,0.916421
1.240548000e-02,1.000000,0.916588
1.240748000e-02,1.000000,0.916754
1.240948000e-02,1.000000,0.916921
1.241148000e-02,1.000000,0.917087
1.241348000e-02,1.000000,0.917252
1.241548000e-02,1.000000,0.917418
1.241748000e-02,1.000000,0.917583
1.241948000e-02,1.000000,0.917747
1.242148000e-02,1.000000,0.917912
1.242348000e-02,1.000000,0.918076
1.242548000e-02,1.000000,0.918240
1.242748000e-02,1.000000,0.918403
1.242948000e-02,1.000000,0.918566
1.243148000e-02,1.000000,0.918729
1.243348000e-02,1.000000,0.918891
1.243548000e-02,1.000000,0.919053
1.243748000e-02,1.000000,0.919215
1.243948000e-02,1.000000,0.919376
1.244148000e-02,1.000000,0.919537
1.244348000e-02,1.000000,0.919698
1.244548000e-02,1.000000,0.919858
1.244748000e-02,1.000000,0.920019
1.244948000e-02,1.000000,0.920178
1.245148000e-02,1.000000,0.920338
1.245348000e-02,1.000000,0.920497
1.245548000e-02,1.000000,0.920656
1.245748000e-02,1.000000,0.920814
1.245948000e-02,1.000000,0.920973
1.246148000e-02,1.000000,0.921131
1.246348000e-02,1.000000,0.921288
1.246548000e-02,1.000000,0.921445
1.246748000e-02,1.000000,0.921602
1.246948000e-02,1.000000,0.921759
1.247148000e-02,1.000000,0.921915
1.247348000e-02,1.000000,0.922071
1.247548000e-02,1.000000,0.922227
1.247748000e-02,1.000000,0.922382
1.247948000e-02,1.000000,0.922537
1.248148000e-02,1.000000,0.922692
1.248348000e-02,1.000000,0.922847
1.248548000e-02,1.000000,0.923001
1.248748000e-02,1.000000,0.923155
1.248948000e-02,1.000000,0.923308
1.249148000e-02,1.000000,0.923461
1.249348000e-02,1.000000,0.923614
1.249548000e-02,1.000000,0.923767
1.249748000e-02,1.000000,0.923919
1.249948000e-02,1.000000,0.924071
1.250100000e-02,1.000000,0.924187
1.250110000e-02,0.900000,0.924184
1.250130000e-02,0.700000,0.924159
1.250170000e-02,0.300000,0.923990
1.250200000e-02,0.000000,0.923758
1.250208000e-02,0.000000,0.923684
1.250224000e-02,0.000000,0.923536
1.250256000e-02,0.000000,0.923240
1.250320000e-02,0.000000,0.922650
1.250448000e-02,0.000000,0.921470
1.250648000e-02,0.000000,0.919628
1.250848000e-02,0.000000,0.917791
1.251048000e-02,0.000000,0.915957
1.251248000e-02,0.000000,0.914127
1.251448000e-02,0.000000,0.912301
1.251648000e-02,0.000000,0.910478
1.251848000e-02,0.000000,0.908659
1.252048000e-02,0.000000,0.906843
1.252248000e-02,0.000000,0.905031
1.252448000e-02,0.000000,0.903223
1.252648000e-02,0.000000,0.901419
1.252848000e-02,0.000000,0.899618
1.253048000e-02,0.000000,0.897820
1.253248000e-02,0.000000,0.896026
1.253448000e-02,0.000000,0.894236
1.253648000e-02,0.000000,0.892449
1.253848000e-02,0.000000,0.890666
1.254048000e-02,0.000000,0.888887
1.254248000e-02,0.000000,0.887111
1.254448000e-02,0.000000,0.885338
1.254648000e-02,0.000000,0.883569
1.254848000e-02,0.000000,0.881804
1.255048000e-02,0.000000,0.880042
1.255248000e-02,0.000000,0.878284
1.255448000e-02,0.000000,0.876529
1.255648000e-02,0.000000,0.874778
1.255848000e-02,0.000000,0.873030
1.256048000e-02,0.000000,0.871286
1.256248000e-02,0.000000,0.869545
1.256448000e-02,0.000000,0.867807
1.256648000e-02,0.000000,0.866073
1.256848000e-02,0.000000,0.864343
1.257048000e-02,0.000000,0.862616
1.257248000e-02,0.000000,0.860893
1.257448000e-02,0.000000,0.859172
1.257648000e-02,0.000000,0.857456
1.257848000e-02,0.000000,0.855743
1.258048000e-02,0.000000,0.854033
1.258248000e-02,0.000000,0.852327
1.258448000e-02,0.000000,0.850624
1.258648000e-02,0.000000,0.848924
1.258848000e-02,0.000000,0.847228
1.259048000e-02,0.000000,0.845535
1.259248000e-02,0.000000,0.843846
1.259448000e-02,0.000000,0.842160
1.259648000e-02,0.000000,0.840477
1.259848000e-02,0.000000,0.838798
1.260048000e-02,0.000000,0.837122
1.260248000e-02,0.000000,0.835449
1.260448000e-02,0.000000,0.833780
1.260648000e-02,0.000000,0.832114
1.260848000e-02,0.000000,0.830452
1.261048000e-02,0.000000,0.828792
1.261248000e-02,0.000000,0.827136
1.261448000e-02,0.000000,0.825484
1.261648000e-02,0.000000,0.823835
1.261848000e-02,0.000000,0.822189
1.262048000e-02,0.000000,0.820546
1.262248000e-02,0.000000,0.818906
1.262448000e-02,0.000000,0.817270
1.262648000e-02,0.000000,0.815637
1.262848000e-02,0.000000,0.814008
1.263048000e-02,0.000000,0.812381
1.263248000e-02,0.000000,0.810758
1.263448000e-02,0.000000,0.809138
1.263648000e-02,0.000000,0.807522
1.263848000e-02,0.000000,0.805908
1.264048000e-02,0.000000,0.804298
1.264248000e-02,0.000000,0.802691
1.264448000e-02,0.000000,0.801087
1.264648000e-02,0.000000,0.799487
1.264848000e-02,0.000000,0.797889
1.265048000e-02,0.000000,0.796295
1.265248000e-02,0.000000,0.794704
1.265448000e-02,0.000000,0.793116
1.265648000e-02,0.000000,0.791532
1.265848000e-02,0.000000,0.789950
1.266048000e-02,0.000000,0.788372
1.266248000e-02,0.000000,0.786797
1.266448000e-02,0.000000,0.785225
1.266648000e-02,0.000000,0.783656
1.266848000e-02,0.000000,0.782090
1.267048000e-02,0.000000,0.780527
1.267248000e-02,0.000000,0.778968
1.267448000e-02,0.000000,0.777411
1.267648000e-02,0.000000,0.775858
1.267848000e-02,0.000000,0.774308
1.268048000e-02,0.000000,0.772761
1.268248000e-02,0.000000,0.771217
1.268448000e-02,0.000000,0.769676
1.268648000e-02,0.000000,0.768138
1.268848000e-02,0.000000,0.766603
1.269048000e-02,0.000000,0.765072
1.269248000e-02,0.000000,0.763543
1.269448000e-02,0.000000,0.762018
1.269648000e-02,0.000000,0.760495
1.269848000e-02,0.000000,0.758976
1.270048000e-02,0.000000,0.757459
1.270248000e-02,0.000000,0.755946
1.270448000e-02,0.000000,0.754435
1.270648000e-02,0.000000,0.752928
1.270848000e-02,0.000000,0.751424
1.271048000e-02,0.000000,0.749922
1.271248000e-02,0.000000,0.748424
1.271448000e-02,0.000000,0.746929
1.271648000e-02,0.000000,0.745436
1.271848000e-02,0.000000,0.743947
1.272048000e-02,0.000000,0.742460
1.272248000e-02,0.000000,0.740977
1.272448000e-02,0.000000,0.739497
1.272648000e-02,0.000000,0.738019
1.272848000e-02,0.000000,0.736545
1.273048000e-02,0.000000,0.735073
1.273248000e-02,0.000000,0.733604
1.273448000e-02,0.000000,0.732138
1.273648000e-02,0.000000,0.730676
1.273848000e-02,0.000000,0.729216
1.274048000e-02,0.000000,0.727759
1.274248000e-02,0.000000,0.726305
1.274448000e-02,0.000000,0.724854
1.274648000e-02,0.000000,0.723405
1.274848000e-02,0.000000,0.721960
1.275048000e-02,0.000000,0.720517
1.275248000e-02,0.000000,0.719078
1.275448000e-02,0.000000,0.717641
1.275648000e-02,0.000000,0.716207
1.275848000e-02,0.000000,0.714776
1.276048000e-02,0.000000,0.713348
1.276248000e-02,0.000000,0.711923
1.276448000e-02,0.000000,0.710500
1.276648000e-02,0.000000,0.709081
1.276848000e-02,0.000000,0.707664
1.277048000e-02,0.000000,0.706250
1.277248000e-02,0.000000,0.704839
1.277448000e-02,0.000000,0.703431
1.277648000e-02,0.000000,0.702025
1.277848000e-02,0.000000,0.700623
1.278048000e-02,0.000000,0.699223
1.278248000e-02,0.000000,0.697826
1.278448000e-02,0.000000,0.696432
1.278648000e-02,0.000000,0.695040
1.278848000e-02,0.000000,0.693651
1.279048000e-02,0.000000,0.692266
1.279248000e-02,0.000000,0.690882
1.279448000e-02,0.000000,0.689502
1.279648000e-02,0.000000,0.688124
1.279848000e-02,0.000000,0.686750
1.280048000e-02,0.000000,0.685377
1.280248000e-02,0.000000,0.684008
1.280448000e-02,0.000000,0.682641
1.280648000e-02,0.000000,0.681277
1.280848000e-02,0.000000,0.679916
1.281048000e-02,0.000000,0.678558
1.281248000e-02,0.000000,0.677202
1.281448000e-02,0.000000,0.675849
1.281648000e-02,0.000000,0.674499
1.281848000e-02,0.000000,0.673151
1.282048000e-02,0.000000,0.671806
1.282248000e-02,0.000000,0.670464
1.282448000e-02,0.000000,0.669124
1.282648000e-02,0.000000,0.667787
1.282848000e-02,0.000000,0.666453
1.283048000e-02,0.000000,0.665121
1.283248000e-02,0.000000,0.663793
1.283448000e-02,0.000000,0.662466
1.283648000e-02,0.000000,0.661143
1.283848000e-02,0.000000,0.659822
1.284048000e-02,0.000000,0.658503
1.284248000e-02,0.000000,0.657188
1.284448000e-02,0.000000,0.655875
1.284648000e-02,0.000000,0.654564
1.284848000e-02,0.000000,0.653256
1.285048000e-02,0.000000,0.651951
1.285248000e-02,0.000000,0.650649
1.285448000e-02,0.000000,0.649349
1.285648000e-02,0.000000,0.648051
1.285848000e-02,0.000000,0.646756
1.286048000e-02,0.000000,0.645464
1.286248000e-02,0.000000,0.644174
1.286448000e-02,0.000000,0.642887
1.286648000e-02,0.000000,0.641603
1.286848000e-02,0.000000,0.640321
1.287048000e-02,0.000000,0.639042
1.287248000e-02,0.000000,0.637765
1.287448000e-02,0.000000,0.636491
1.287648000e-02,0.000000,0.635219
1.287848000e-02,0.000000,0.633950
1.288048000e-02,0.000000,0.632683
1.288248000e-02,0.000000,0.631419
1.288448000e-02,0.000000,0.630157
1.288648000e-02,0.000000,0.628898
1.288848000e-02,0.000000,0.627642
1.289048000e-02,0.000000,0.626388
1.289248000e-02,0.000000,0.625136
1.289448000e-02,0.000000,0.623887
1.289648000e-02,0.000000,0.622641
1.289848000e-02,0.000000,0.621397
1.290048000e-02,0.000000,0.620155
1.290248000e-02,0.000000,0.618916
1.290448000e-02,0.000000,0.617679
1.290648000e-02,0.000000,0.616445
1.290848000e-02,0.000000,0.615214
1.291048000e-02,0.000000,0.613984
1.291248000e-02,0.000000,0.612758
1.291448000e-02,0.000000,0.611533
1.291648000e-02,0.000000,0.610312
1.291848000e-02,0.000000,0.609092
1.292048000e-02,0.000000,0.607875
1.292248000e-02,0.000000,0.606661
1.292448000e-02,0.000000,0.605449
1.292648000e-02,0.000000,0.604239
1.292848000e-02,0.000000,0.603032
1.293048000e-02,0.000000,0.601827
1.293248000e-02,0.000000,0.600624
1.293448000e-02,0.000000,0.599424
1.293648000e-02,0.000000,0.598227
1.293848000e-02,0.000000,0.597031
1.294048000e-02,0.000000,0.595838
1.294248000e-02,0.000000,0.594648
1.294448000e-02,0.000000,0.593460
1.294648000e-02,0.000000,0.592274
1.294848000e-02,0.000000,0.591091
1.295048000e-02,0.000000,0.589910
1.295248000e-02,0.000000,0.588731
1.295448000e-02,0.000000,0.587555
1.295648000e-02,0.000000,0.586381
1.295848000e-02,0.000000,0.585209
1.296048000e-02,0.000000,0.584040
1.296248000e-02,0.000000,0.582873
1.296448000e-02,0.000000,0.581709
1.296648000e-02,0.000000,0.580546
1.296848000e-02,0.000000,0.579386
1.297048000e-02,0.000000,0.578229
1.297248000e-02,0.000000,0.577073
1.297448000e-02,0.000000,0.575920
1.297648000e-02,0.000000,0.574770
1.297848000e-02,0.000000,0.573621
1.298048000e-02,0.000000,0.572475
1.298248000e-02,0.000000,0.571331
1.298448000e-02,0.000000,0.570190
1.298648000e-02,0.000000,0.569051
1.298848000e-02,0.000000,0.567914
1.299048000e-02,0.000000,0.566779
1.299248000e-02,0.000000,0.565647
1.299448000e-02,0.000000,0.564516
1.299648000e-02,0.000000,0.563389
1.299848000e-02,0.000000,0.562263
1.300048000e-02,0.000000,0.561140
1.300248000e-02,0.000000,0.560018
1.300448000e-02,0.000000,0.558899
1.300648000e-02,0.000000,0.557783
1.300848000e-02,0.000000,0.556668
1.301048000e-02,0.000000,0.555556
1.301248000e-02,0.000000,0.554446
1.301448000e-02,0.000000,0.553338
1.301648000e-02,0.000000,0.552233
1.301848000e-02,0.000000,0.551129
1.302048000e-02,0.000000,0.550028
1.302248000e-02,0.000000,0.548929
1.302448000e-02,0.000000,0.547832
1.302648000e-02,0.000000,0.546738
1.302848000e-02,0.000000,0.545646
1.303048000e-02,0.000000,0.544555
1.303248000e-02,0.000000,0.543467
1.303448000e-02,0.000000,0.542381
1.303648000e-02,0.000000,0.541298
1.303848000e-02,0.000000,0.540216
1.304048000e-02,0.000000,0.539137
1.304248000e-02,0.000000,0.538060
1.304448000e-02,0.000000,0.536985
1.304648000e-02,0.000000,0.535912
1.304848000e-02,0.000000,0.534841
1.305048000e-02,0.000000,0.533772
1.305248000e-02,0.000000,0.532706
1.305448000e-02,0.000000,0.531642
1.305648000e-02,0.000000,0.530579
1.305848000e-02,0.000000,0.529519
1.306048000e-02,0.000000,0.528461
1.306248000e-02,0.000000,0.527405
1.306448000e-02,0.000000,0.526352
1.306648000e-02,0.000000,0.525300
1.306848000e-02,0.000000,0.524250
1.307048000e-02,0.000000,0.523203
1.307248000e-02,0.000000,0.522158
1.307448000e-02,0.000000,0.521114
1.307648000e-02,0.000000,0.520073
1.307848000e-02,0.000000,0.519034
1.308048000e-02,0.000000,0.517997
1.308248000e-02,0.000000,0.516962
1.308448000e-02,0.000000,0.515929
1.308648000e-02,0.000000,0.514898
1.308848000e-02,0.000000,0.513870
1.309048000e-02,0.000000,0.512843
1.309248000e-02,0.000000,0.511818
1.309448000e-02,0.000000,0.510796
1.309648000e-02,0.000000,0.509775
1.309848000e-02,0.000000,0.508757
1.310048000e-02,0.000000,0.507740
1.310248000e-02,0.000000,0.506726
1.310448000e-02,0.000000,0.505713
1.310648000e-02,0.000000,0.504703
1.310848000e-02,0.000000,0.503694
1.311048000e-02,0.000000,0.502688
1.311248000e-02,0.000000,0.501684
1.311448000e-02,0.000000,0.500681
1.311648000e-02,0.000000,0.499681
1.311848000e-02,0.000000,0.498682
1.312048000e-02,0.000000,0.497686
1.312248000e-02,0.000000,0.496692
1.312448000e-02,0.000000,0.495699
1.312648000e-02,0.000000,0.494709
1.312848000e-02,0.000000,0.493720
1.313048000e-02,0.000000,0.492734
1.313248000e-02,0.000000,0.491750
1.313448000e-02,0.000000,0.490767
1.313648000e-02,0.000000,0.489786
1.313848000e-02,0.000000,0.488808
1.314048000e-02,0.000000,0.487831
1.314248000e-02,0.000000,0.486857
1.314448000e-02,0.000000,0.485884
1.314648000e-02,0.000000,0.484913
1.314848000e-02,0.000000,0.483944
1.315048000e-02,0.000000,0.482977
1.315248000e-02,0.000000,0.482012
1.315448000e-02,0.000000,0.481049
1.315648000e-02,0.000000,0.480088
1.315848000e-02,0.000000,0.479129
1.316048000e-02,0.000000,0.478172
1.316248000e-02,0.000000,0.477216
1.316448000e-02,0.000000,0.476263
1.316648000e-02,0.000000,0.475311
1.316848000e-02,0.000000,0.474361
1.317048000e-02,0.000000,0.473414
1.317248000e-02,0.000000,0.472468
1.317448000e-02,0.000000,0.471524
1.317648000e-02,0.000000,0.470582
1.317848000e-02,0.000000,0.469641
1.318048000e-02,0.000000,0.468703
1.318248000e-02,0.000000,0.467767
1.318448000e-02,0.000000,0.466832
1.318648000e-02,0.000000,0.465899
1.318848000e-02,0.000000,0.464968
1.319048000e-02,0.000000,0.464039
1.319248000e-02,0.000000,0.463112
1.319448000e-02,0.000000,0.462187
1.319648000e-02,0.000000,0.461264
1.319848000e-02,0.000000,0.460342
1.320048000e-02,0.000000,0.459422
1.320248000e-02,0.000000,0.458504
1.320448000e-02,0.000000,0.457588
1.320648000e-02,0.000000,0.456674
1.320848000e-02,0.000000,0.455761
1.321048000e-02,0.000000,0.454851
1.321248000e-02,0.000000,0.453942
1.321448000e-02,0.000000,0.453035
1.321648000e-02,0.000000,0.452130
1.321848000e-02,0.000000,0.451227
1.322048000e-02,0.000000,0.450325
1.322248000e-02,0.000000,0.449425
1.322448000e-02,0.000000,0.448527
1.322648000e-02,0.000000,0.447631
1.322848000e-02,0.000000,0.446737
1.323048000e-02,0.000000,0.445844
1.323248000e-02,0.000000,0.444953
1.323448000e-02,0.000000,0.444064
1.323648000e-02,0.000000,0.443177
1.323848000e-02,0.000000,0.442292
1.324048000e-02,0.000000,0.441408
1.324248000e-02,0.000000,0.440526
1.324448000e-02,0.000000,0.439646
1.324648000e-02,0.000000,0.438767
1.324848000e-02,0.000000,0.437891
1.325048000e-02,0.000000,0.437016
1.325248000e-02,0.000000,0.436143
1.325448000e-02,0.000000,0.435271
1.325648000e-02,0.000000,0.434402
1.325848000e-02,0.000000,0.433534
1.326048000e-02,0.000000,0.432667
1.326248000e-02,0.000000,0.431803
1.326448000e-02,0.000000,0.430940
1.326648000e-02,0.000000,0.430079
1.326848000e-02,0.000000,0.429220
1.327048000e-02,0.000000,0.428362
1.327248000e-02,0.000000,0.427506
1.327448000e-02,0.000000,0.426652
1.327648000e-02,0.000000,0.425800
1.327848000e-02,0.000000,0.424949
1.328048000e-02,0.000000,0.424100
1.328248000e-02,0.000000,0.423253
1.328448000e-02,0.000000,0.422407
1.328648000e-02,0.000000,0.421563
1.328848000e-02,0.000000,0.420721
1.329048000e-02,0.000000,0.419880
1.329248000e-02,0.000000,0.419041
1.329448000e-02,0.000000,0.418204
1.329648000e-02,0.000000,0.417368
1.329848000e-02,0.000000,0.416535
1.330048000e-02,0.000000,0.415702
1.330248000e-02,0.000000,0.414872
1.330448000e-02,0.000000,0.414043
1.330648000e-02,0.000000,0.413216
1.330848000e-02,0.000000,0.412390
1.331048000e-02,0.000000,0.411566
1.331248000e-02,0.000000,0.410744
1.331448000e-02,0.000000,0.409923
1.331648000e-02,0.000000,0.409104
1.331848000e-02,0.000000,0.408287
1.332048000e-02,0.000000,0.407471
1.332248000e-02,0.000000,0.406657
1.332448000e-02,0.000000,0.405844
1.332648000e-02,0.000000,0.405033
1.332848000e-02,0.000000,0.404224
1.333048000e-02,0.000000,0.403416
1.333248000e-02,0.000000,0.402610
1.333448000e-02,0.000000,0.401806
1.333648000e-02,0.000000,0.401003
1.333848000e-02,0.000000,0.400202
1.334048000e-02,0.000000,0.399402
1.334248000e-02,0.000000,0.398604
1.334448000e-02,0.000000,0.397808
1.334648000e-02,0.000000,0.397013
1.334848000e-02,0.000000,0.396220
1.335048000e-02,0.000000,0.395428
1.335248000e-02,0.000000,0.394638
1.335448000e-02,0.000000,0.393850
1.335648000e-02,0.000000,0.393063
1.335848000e-02,0.000000,0.392277
1.336048000e-02,0.000000,0.391494
1.336248000e-02,0.000000,0.390712
1.336448000e-02,0.000000,0.389931
1.336648000e-02,0.000000,0.389152
1.336848000e-02,0.000000,0.388374
1.337048000e-02,0.000000,0.387598
1.337248000e-02,0.000000,0.386824
1.337448000e-02,0.000000,0.386051
1.337648000e-02,0.000000,0.385280
1.337848000e-02,0.000000,0.384510
1.338048000e-02,0.000000,0.383742
1.338248000e-02,0.000000,0.382975
1.338448000e-02,0.000000,0.382210
1.338648000e-02,0.000000,0.381446
1.338848000e-02,0.000000,0.380684
1.339048000e-02,0.000000,0.379923
1.339248000e-02,0.000000,0.379164
1.339448000e-02,0.000000,0.378407
1.339648000e-02,0.000000,0.377651
1.339848000e-02,0.000000,0.376896
1.340048000e-02,0.000000,0.376143
1.340248000e-02,0.000000,0.375391
1.340448000e-02,0.000000,0.374641
1.340648000e-02,0.000000,0.373893
1.340848000e-02,0.000000,0.373146
1.341048000e-02,0.000000,0.372400
1.341248000e-02,0.000000,0.371656
1.341448000e-02,0.000000,0.370914
1.341648000e-02,0.000000,0.370173
1.341848000e-02,0.000000,0.369433
1.342048000e-02,0.000000,0.368695
1.342248000e-02,0.000000,0.367958
1.342448000e-02,0.000000,0.367223
1.342648000e-02,0.000000,0.366489
1.342848000e-02,0.000000,0.365757
1.343048000e-02,0.000000,0.365026
1.343248000e-02,0.000000,0.364297
1.343448000e-02,0.000000,0.363569
1.343648000e-02,0.000000,0.362843
1.343848000e-02,0.000000,0.362118
1.344048000e-02,0.000000,0.361394
1.344248000e-02,0.000000,0.360672
1.344448000e-02,0.000000,0.359952
1.344648000e-02,0.000000,0.359232
1.344848000e-02,0.000000,0.358515
1.345048000e-02,0.000000,0.357798
1.345248000e-02,0.000000,0.357083
1.345448000e-02,0.000000,0.356370
1.345648000e-02,0.000000,0.355658
1.345848000e-02,0.000000,0.354947
1.346048000e-02,0.000000,0.354238
1.346248000e-02,0.000000,0.353530
1.346448000e-02,0.000000,0.352824
1.346648000e-02,0.000000,0.352119
1.346848000e-02,0.000000,0.351416
1.347048000e-02,0.000000,0.350713
1.347248000e-02,0.000000,0.350013
1.347448000e-02,0.000000,0.349313
1.347648000e-02,0.000000,0.348615
1.347848000e-02,0.000000,0.347919
1.348048000e-02,0.000000,0.347224
1.348248000e-02,0.000000,0.346530
1.348448000e-02,0.000000,0.345838
1.348648000e-02,0.000000,0.345147
1.348848000e-02,0.000000,0.344457
1.349048000e-02,0.000000,0.343769
1.349248000e-02,0.000000,0.343082
1.349448000e-02,0.000000,0.342396
1.349648000e-02,0.000000,0.341712
1.349848000e-02,0.000000,0.341030
1.350048000e-02,0.000000,0.340348
1.350248000e-02,0.000000,0.339668
1.350448000e-02,0.000000,0.338990
1.350648000e-02,0.000000,0.338312
1.350848000e-02,0.000000,0.337636
1.351048000e-02,0.000000,0.336962
1.351248000e-02,0.000000,0.336288
1.351448000e-02,0.000000,0.335617
1.351648000e-02,0.000000,0.334946
1.351848000e-02,0.000000,0.334277
1.352048000e-02,0.000000,0.333609
1.352248000e-02,0.000000,0.332942
1.352448000e-02,0.000000,0.332277
1.352648000e-02,0.000000,0.331613
1.352848000e-02,0.000000,0.330951
1.353048000e-02,0.000000,0.330289
1.353248000e-02,0.000000,0.329630
1.353448000e-02,0.000000,0.328971
1.353648000e-02,0.000000,0.328314
1.353848000e-02,0.000000,0.327658
1.354048000e-02,0.000000,0.327003
1.354248000e-02,0.000000,0.326350
1.354448000e-02,0.000000,0.325698
1.354648000e-02,0.000000,0.325047
1.354848000e-02,0.000000,0.324397
1.355048000e-02,0.000000,0.323749
1.355248000e-02,0.000000,0.323102
1.355448000e-02,0.000000,0.322457
1.355648000e-02,0.000000,0.321813
1.355848000e-02,0.000000,0.321170
1.356048000e-02,0.000000,0.320528
1.356248000e-02,0.000000,0.319888
1.356448000e-02,0.000000,0.319248
1.356648000e-02,0.000000,0.318611
1.356848000e-02,0.000000,0.317974
1.357048000e-02,0.000000,0.317339
1.357248000e-02,0.000000,0.316705
1.357448000e-02,0.000000,0.316072
1.357648000e-02,0.000000,0.315440
1.357848000e-02,0.000000,0.314810
1.358048000e-02,0.000000,0.314181
1.358248000e-02,0.000000,0.313553
1.358448000e-02,0.000000,0.312927
1.358648000e-02,0.000000,0.312302
1.358848000e-02,0.000000,0.311678
1.359048000e-02,0.000000,0.311055
1.359248000e-02,0.000000,0.310433
1.359448000e-02,0.000000,0.309813
1.359648000e-02,0.000000,0.309194
1.359848000e-02,0.000000,0.308576
1.360048000e-02,0.000000,0.307960
1.360248000e-02,0.000000,0.307345
1.360448000e-02,0.000000,0.306730
1.360648000e-02,0.000000,0.306118
1.360848000e-02,0.000000,0.305506
1.361048000e-02,0.000000,0.304896
1.361248000e-02,0.000000,0.304286
1.361448000e-02,0.000000,0.303678
1.361648000e-02,0.000000,0.303072
1.361848000e-02,0.000000,0.302466
1.362048000e-02,0.000000,0.301862
1.362248000e-02,0.000000,0.301259
1.362448000e-02,0.000000,0.300657
1.362648000e-02,0.000000,0.300056
1.362848000e-02,0.000000,0.299457
1.363048000e-02,0.000000,0.298858
1.363248000e-02,0.000000,0.298261
1.363448000e-02,0.000000,0.297665
1.363648000e-02,0.000000,0.297070
1.363848000e-02,0.000000,0.296477
1.364048000e-02,0.000000,0.295885
1.364248000e-02,0.000000,0.295293
1.364448000e-02,0.000000,0.294703
1.364648000e-02,0.000000,0.294115
1.364848000e-02,0.000000,0.293527
1.365048000e-02,0.000000,0.292940
1.365248000e-02,0.000000,0.292355
1.365448000e-02,0.000000,0.291771
1.365648000e-02,0.000000,0.291188
1.365848000e-02,0.000000,0.290606
1.366048000e-02,0.000000,0.290026
1.366248000e-02,0.000000,0.289446
1.366448000e-02,0.000000,0.288868
1.366648000e-02,0.000000,0.288291
1.366848000e-02,0.000000,0.287715
1.367048000e-02,0.000000,0.287140
1.367248000e-02,0.000000,0.286566
1.367448000e-02,0.000000,0.285994
1.367648000e-02,0.000000,0.285422
1.367848000e-02,0.000000,0.284852
1.368048000e-02,0.000000,0.284283
1.368248000e-02,0.000000,0.283715
1.368448000e-02,0.000000,0.283148
1.368648000e-02,0.000000,0.282582
1.368848000e-02,0.000000,0.282018
1.369048000e-02,0.000000,0.281454
1.369248000e-02,0.000000,0.280892
1.369448000e-02,0.000000,0.280331
1.369648000e-02,0.000000,0.279770
1.369848000e-02,0.000000,0.279211
1.370048000e-02,0.000000,0.278654
1.370248000e-02,0.000000,0.278097
1.370448000e-02,0.000000,0.277541
1.370648000e-02,0.000000,0.276987
1.370848000e-02,0.000000,0.276433
1.371048000e-02,0.000000,0.275881
1.371248000e-02,0.000000,0.275330
1.371448000e-02,0.000000,0.274780
1.371648000e-02,0.000000,0.274231
1.371848000e-02,0.000000,0.273683
1.372048000e-02,0.000000,0.273136
1.372248000e-02,0.000000,0.272590
1.372448000e-02,0.000000,0.272045
1.372648000e-02,0.000000,0.271502
1.372848000e-02,0.000000,0.270959
1.373048000e-02,0.000000,0.270418
1.373248000e-02,0.000000,0.269878
1.373448000e-02,0.000000,0.269339
1.373648000e-02,0.000000,0.268800
1.373848000e-02,0.000000,0.268263
1.374048000e-02,0.000000,0.267727
1.374248000e-02,0.000000,0.267192
1.374448000e-02,0.000000,0.266659
1.374648000e-02,0.000000,0.266126
1.374848000e-02,0.000000,0.265594
1.375048000e-02,0.000000,0.265063
1.375248000e-02,0.000000,0.264534
1.375448000e-02,0.000000,0.264005
1.375648000e-02,0.000000,0.263478
1.375848000e-02,0.000000,0.262951
1.376048000e-02,0.000000,0.262426
1.376248000e-02,0.000000,0.261902
1.376448000e-02,0.000000,0.261378
1.376648000e-02,0.000000,0.260856
1.376848000e-02,0.000000,0.260335
1.377048000e-02,0.000000,0.259815
1.377248000e-02,0.000000,0.259296
1.377448000e-02,0.000000,0.258778
1.377648000e-02,0.000000,0.258261
1.377848000e-02,0.000000,0.257745
1.378048000e-02,0.000000,0.257230
1.378248000e-02,0.000000,0.256716
1.378448000e-02,0.000000,0.256203
1.378648000e-02,0.000000,0.255691
1.378848000e-02,0.000000,0.255180
1.379048000e-02,0.000000,0.254670
1.379248000e-02,0.000000,0.254161
1.379448000e-02,0.000000,0.253654
1.379648000e-02,0.000000,0.253147
1.379848000e-02,0.000000,0.252641
1.380048000e-02,0.000000,0.252136
1.380248000e-02,0.000000,0.251632
1.380448000e-02,0.000000,0.251130
1.380648000e-02,0.000000,0.250628
1.380848000e-02,0.000000,0.250127
1.381048000e-02,0.000000,0.249627
1.381248000e-02,0.000000,0.249129
1.381448000e-02,0.000000,0.248631
1.381648000e-02,0.000000,0.248134
1.381848000e-02,0.000000,0.247638
1.382048000e-02,0.000000,0.247144
1.382248000e-02,0.000000,0.246650
1.382448000e-02,0.000000,0.246157
1.382648000e-02,0.000000,0.245665
1.382848000e-02,0.000000,0.245174
1.383048000e-02,0.000000,0.244684
1.383248000e-02,0.000000,0.244196
1.383448000e-02,0.000000,0.243708
1.383648000e-02,0.000000,0.243221
1.383848000e-02,0.000000,0.242735
1.384048000e-02,0.000000,0.242250
1.384248000e-02,0.000000,0.241766
1.384448000e-02,0.000000,0.241283
1.384648000e-02,0.000000,0.240801
1.384848000e-02,0.000000,0.240319
1.385048000e-02,0.000000,0.239839
1.385248000e-02,0.000000,0.239360
1.385448000e-02,0.000000,0.238882
1.385648000e-02,0.000000,0.238405
1.385848000e-02,0.000000,0.237928
1.386048000e-02,0.000000,0.237453
1.386248000e-02,0.000000,0.236978
1.386448000e-02,0.000000,0.236505
1.386648000e-02,0.000000,0.236032
1.386848000e-02,0.000000,0.235561
1.387048000e-02,0.000000,0.235090
1.387248000e-02,0.000000,0.234620
1.387448000e-02,0.000000,0.234152
1.387648000e-02,0.000000,0.233684
1.387848000e-02,0.000000,0.233217
1.388048000e-02,0.000000,0.232751
1.388248000e-02,0.000000,0.232286
1.388448000e-02,0.000000,0.231822
1.388648000e-02,0.000000,0.231359
1.388848000e-02,0.000000,0.230896
1.389048000e-02,0.000000,0.230435
1.389248000e-02,0.000000,0.229975
1.389448000e-02,0.000000,0.229515
1.389648000e-02,0.000000,0.229057
1.389848000e-02,0.000000,0.228599
1.390048000e-02,0.000000,0.228142
1.390248000e-02,0.000000,0.227686
1.390448000e-02,0.000000,0.227231
1.390648000e-02,0.000000,0.226777
1.390848000e-02,0.000000,0.226324
1.391048000e-02,0.000000,0.225872
1.391248000e-02,0.000000,0.225421
1.391448000e-02,0.000000,0.224970
1.391648000e-02,0.000000,0.224521
1.391848000e-02,0.000000,0.224072
1.392048000e-02,0.000000,0.223625
1.392248000e-02,0.000000,0.223178
1.392448000e-02,0.000000,0.222732
1.392648000e-02,0.000000,0.222287
1.392848000e-02,0.000000,0.221843
1.393048000e-02,0.000000,0.221400
1.393248000e-02,0.000000,0.220957
1.393448000e-02,0.000000,0.220516
1.393648000e-02,0.000000,0.220075
1.393848000e-02,0.000000,0.219635
1.394048000e-02,0.000000,0.219197
1.394248000e-02,0.000000,0.218759
1.394448000e-02,0.000000,0.218322
1.394648000e-02,0.000000,0.217885
1.394848000e-02,0.000000,0.217450
1.395048000e-02,0.000000,0.217016
1.395248000e-02,0.000000,0.216582
1.395448000e-02,0.000000,0.216149
1.395648000e-02,0.000000,0.215717
1.395848000e-02,0.000000,0.215286
1.396048000e-02,0.000000,0.214856
1.396248000e-02,0.000000,0.214427
1.396448000e-02,0.000000,0.213999
1.396648000e-02,0.000000,0.213571
1.396848000e-02,0.000000,0.213144
1.397048000e-02,0.000000,0.212718
1.397248000e-02,0.000000,0.212293
1.397448000e-02,0.000000,0.211869
1.397648000e-02,0.000000,0.211446
1.397848000e-02,0.000000,0.211023
1.398048000e-02,0.000000,0.210602
1.398248000e-02,0.000000,0.210181
1.398448000e-02,0.000000,0.209761
1.398648000e-02,0.000000,0.209342
1.398848000e-02,0.000000,0.208924
1.399048000e-02,0.000000,0.208506
1.399248000e-02,0.000000,0.208090
1.399448000e-02,0.000000,0.207674
1.399648000e-02,0.000000,0.207259
1.399848000e-02,0.000000,0.206845
1.400048000e-02,0.000000,0.206432
1.400248000e-02,0.000000,0.206019
1.400448000e-02,0.000000,0.205608
1.400648000e-02,0.000000,0.205197
1.400848000e-02,0.000000,0.204787
1.401048000e-02,0.000000,0.204378
1.401248000e-02,0.000000,0.203969
1.401448000e-02,0.000000,0.203562
1.401648000e-02,0.000000,0.203155
1.401848000e-02,0.000000,0.202749
1.402048000e-02,0.000000,0.202344
1.402248000e-02,0.000000,0.201940
1.402448000e-02,0.000000,0.201536
1.402648000e-02,0.000000,0.201134
1.402848000e-02,0.000000,0.200732
1.403048000e-02,0.000000,0.200331
1.403248000e-02,0.000000,0.199930
1.403448000e-02,0.000000,0.199531
1.403648000e-02,0.000000,0.199132
1.403848000e-02,0.000000,0.198734
1.404048000e-02,0.000000,0.198337
1.404248000e-02,0.000000,0.197941
1.404448000e-02,0.000000,0.197546
1.404648000e-02,0.000000,0.197151
1.404848000e-02,0.000000,0.196757
1.405048000e-02,0.000000,0.196364
1.405248000e-02,0.000000,0.195971
1.405448000e-02,0.000000,0.195580
1.405648000e-02,0.000000,0.195189
1.405848000e-02,0.000000,0.194799
1.406048000e-02,0.000000,0.194410
1.406248000e-02,0.000000,0.194022
1.406448000e-02,0.000000,0.193634
1.406648000e-02,0.000000,0.193247
1.406848000e-02,0.000000,0.192861
1.407048000e-02,0.000000,0.192476
1.407248000e-02,0.000000,0.192091
1.407448000e-02,0.000000,0.191707
1.407648000e-02,0.000000,0.191324
1.407848000e-02,0.000000,0.190942
1.408048000e-02,0.000000,0.190560
1.408248000e-02,0.000000,0.190180
1.408448000e-02,0.000000,0.189800
1.408648000e-02,0.000000,0.189420
1.408848000e-02,0.000000,0.189042
1.409048000e-02,0.000000,0.188664
1.409248000e-02,0.000000,0.188287
1.409448000e-02,0.000000,0.187911
1.409648000e-02,0.000000,0.187536
1.409848000e-02,0.000000,0.187161
1.410048000e-02,0.000000,0.186787
1.410248000e-02,0.000000,0.186414
1.410448000e-02,0.000000,0.186041
1.410648000e-02,0.000000,0.185670
1.410848000e-02,0.000000,0.185299
1.411048000e-02,0.000000,0.184928
1.411248000e-02,0.000000,0.184559
1.411448000e-02,0.000000,0.184190
1.411648000e-02,0.000000,0.183822
1.411848000e-02,0.000000,0.183455
1.412048000e-02,0.000000,0.183088
1.412248000e-02,0.000000,0.182723
1.412448000e-02,0.000000,0.182358
1.412648000e-02,0.000000,0.181993
1.412848000e-02,0.000000,0.181630
1.413048000e-02,0.000000,0.181267
1.413248000e-02,0.000000,0.180904
1.413448000e-02,0.000000,0.180543
1.413648000e-02,0.000000,0.180182
1.413848000e-02,0.000000,0.179822
1.414048000e-02,0.000000,0.179463
1.414248000e-02,0.000000,0.179104
1.414448000e-02,0.000000,0.178747
1.414648000e-02,0.000000,0.178389
1.414848000e-02,0.000000,0.178033
1.415048000e-02,0.000000,0.177677
1.415248000e-02,0.000000,0.177322
1.415448000e-02,0.000000,0.176968
1.415648000e-02,0.000000,0.176614
1.415848000e-02,0.000000,0.176262
1.416048000e-02,0.000000,0.175909
1.416248000e-02,0.000000,0.175558
1.416448000e-02,0.000000,0.175207
1.416648000e-02,0.000000,0.174857
1.416848000e-02,0.000000,0.174508
1.417048000e-02,0.000000,0.174159
1.417248000e-02,0.000000,0.173811
1.417448000e-02,0.000000,0.173464
1.417648000e-02,0.000000,0.173117
1.417848000e-02,0.000000,0.172771
1.418048000e-02,0.000000,0.172426
1.418248000e-02,0.000000,0.172082
1.418448000e-02,0.000000,0.171738
1.418648000e-02,0.000000,0.171395
1.418848000e-02,0.000000,0.171052
1.419048000e-02,0.000000,0.170711
1.419248000e-02,0.000000,0.170369
1.419448000e-02,0.000000,0.170029
1.419648000e-02,0.000000,0.169689
1.419848000e-02,0.000000,0.169350
1.420048000e-02,0.000000,0.169012
1.420248000e-02,0.000000,0.168674
1.420448000e-02,0.000000,0.168337
1.420648000e-02,0.000000,0.168001
1.420848000e-02,0.000000,0.167665
1.421048000e-02,0.000000,0.167330
1.421248000e-02,0.000000,0.166996
1.421448000e-02,0.000000,0.166662
1.421648000e-02,0.000000,0.166329
1.421848000e-02,0.000000,0.165997
1.422048000e-02,0.000000,0.165665
1.422248000e-02,0.000000,0.165334
1.422448000e-02,0.000000,0.165004
1.422648000e-02,0.000000,0.164674
1.422848000e-02,0.000000,0.164345
1.423048000e-02,0.000000,0.164017
1.423248000e-02,0.000000,0.163689
1.423448000e-02,0.000000,0.163362
1.423648000e-02,0.000000,0.163036
1.423848000e-02,0.000000,0.162710
1.424048000e-02,0.000000,0.162385
1.424248000e-02,0.000000,0.162060
1.424448000e-02,0.000000,0.161737
1.424648000e-02,0.000000,0.161413
1.424848000e-02,0.000000,0.161091
1.425048000e-02,0.000000,0.160769
1.425248000e-02,0.000000,0.160448
1.425448000e-02,0.000000,0.160127
1.425648000e-02,0.000000,0.159807
1.425848000e-02,0.000000,0.159488
1.426048000e-02,0.000000,0.159169
1.426248000e-02,0.000000,0.158851
1.426448000e-02,0.000000,0.158534
1.426648000e-02,0.000000,0.158217
1.426848000e-02,0.000000,0.157901
1.427048000e-02,0.000000,0.157586
1.427248000e-02,0.000000,0.157271
1.427448000e-02,0.000000,0.156957
1.427648000e-02,0.000000,0.156643
1.427848000e-02,0.000000,0.156330
1.428048000e-02,0.000000,0.156018
1.428248000e-02,0.000000,0.155706
1.428448000e-02,0.000000,0.155395
1.428648000e-02,0.000000,0.155084
1.428848000e-02,0.000000,0.154774
1.429048000e-02,0.000000,0.154465
1.429248000e-02,0.000000,0.154157
1.429448000e-02,0.000000,0.153849
1.429648000e-02,0.000000,0.153541
1.429848000e-02,0.000000,0.153234
1.430048000e-02,0.000000,0.152928
1.430248000e-02,0.000000,0.152623
1.430448000e-02,0.000000,0.152318
1.430648000e-02,0.000000,0.152013
1.430848000e-02,0.000000,0.151710
1.431048000e-02,0.000000,0.151407
1.431248000e-02,0.000000,0.151104
1.431448000e-02,0.000000,0.150802
1.431648000e-02,0.000000,0.150501
1.431848000e-02,0.000000,0.150200
1.432048000e-02,0.000000,0.149900
1.432248000e-02,0.000000,0.149601
1.432448000e-02,0.000000,0.149302
1.432648000e-02,0.000000,0.149003
1.432848000e-02,0.000000,0.148706
1.433048000e-02,0.000000,0.148409
1.433248000e-02,0.000000,0.148112
1.433448000e-02,0.000000,0.147816
1.433648000e-02,0.000000,0.147521
1.433848000e-02,0.000000,0.147226
1.434048000e-02,0.000000,0.146932
1.434248000e-02,0.000000,0.146638
1.434448000e-02,0.000000,0.146345
1.434648000e-02,0.000000,0.146053
1.434848000e-02,0.000000,0.145761
1.435048000e-02,0.000000,0.145470
1.435248000e-02,0.000000,0.145179
1.435448000e-02,0.000000,0.144889
1.435648000e-02,0.000000,0.144600
1.435848000e-02,0.000000,0.144311
1.436048000e-02,0.000000,0.144022
1.436248000e-02,0.000000,0.143735
1.436448000e-02,0.000000,0.143447
1.436648000e-02,0.000000,0.143161
1.436848000e-02,0.000000,0.142875
1.437048000e-02,0.000000,0.142589
1.437248000e-02,0.000000,0.142304
1.437448000e-02,0.000000,0.142020
1.437648000e-02,0.000000,0.141736
1.437848000e-02,0.000000,0.141453
1.438048000e-02,0.000000,0.141171
1.438248000e-02,0.000000,0.140889
1.438448000e-02,0.000000,0.140607
1.438648000e-02,0.000000,0.140326
1.438848000e-02,0.000000,0.140046
1.439048000e-02,0.000000,0.139766
1.439248000e-02,0.000000,0.139487
1.439448000e-02,0.000000,0.139208
1.439648000e-02,0.000000,0.138930
1.439848000e-02,0.000000,0.138652
1.440048000e-02,0.000000,0.138375
1.440248000e-02,0.000000,0.138099
1.440448000e-02,0.000000,0.137823
1.440648000e-02,0.000000,0.137547
1.440848000e-02,0.000000,0.137273
1.441048000e-02,0.000000,0.136998
1.441248000e-02,0.000000,0.136725
1.441448000e-02,0.000000,0.136451
1.441648000e-02,0.000000,0.136179
1.441848000e-02,0.000000,0.135907
1.442048000e-02,0.000000,0.135635
1.442248000e-02,0.000000,0.135364
1.442448000e-02,0.000000,0.135094
1.442648000e-02,0.000000,0.134824
1.442848000e-02,0.000000,0.134554
1.443048000e-02,0.000000,0.134286
1.443248000e-02,0.000000,0.134017
1.443448000e-02,0.000000,0.133750
1.443648000e-02,0.000000,0.133482
1.443848000e-02,0.000000,0.133216
1.444048000e-02,0.000000,0.132949
1.444248000e-02,0.000000,0.132684
1.444448000e-02,0.000000,0.132419
1.444648000e-02,0.000000,0.132154
1.444848000e-02,0.000000,0.131890
1.445048000e-02,0.000000,0.131627
1.445248000e-02,0.000000,0.131364
1.445448000e-02,0.000000,0.131101
1.445648000e-02,0.000000,0.130839
1.445848000e-02,0.000000,0.130578
1.446048000e-02,0.000000,0.130317
1.446248000e-02,0.000000,0.130057
1.446448000e-02,0.000000,0.129797
1.446648000e-02,0.000000,0.129537
1.446848000e-02,0.000000,0.129279
1.447048000e-02,0.000000,0.129020
1.447248000e-02,0.000000,0.128762
1.447448000e-02,0.000000,0.128505
1.447648000e-02,0.000000,0.128248
1.447848000e-02,0.000000,0.127992
1.448048000e-02,0.000000,0.127736
1.448248000e-02,0.000000,0.127481
1.448448000e-02,0.000000,0.127227
1.448648000e-02,0.000000,0.126972
1.448848000e-02,0.000000,0.126719
1.449048000e-02,0.000000,0.126465
1.449248000e-02,0.000000,0.126213
1.449448000e-02,0.000000,0.125961
1.449648000e-02,0.000000,0.125709
1.449848000e-02,0.000000,0.125458
1.450048000e-02,0.000000,0.125207
1.450248000e-02,0.000000,0.124957
1.450448000e-02,0.000000,0.124707
1.450648000e-02,0.000000,0.124458
1.450848000e-02,0.000000,0.124209
1.451048000e-02,0.000000,0.123961
1.451248000e-02,0.000000,0.123714
1.451448000e-02,0.000000,0.123466
1.451648000e-02,0.000000,0.123220
1.451848000e-02,0.000000,0.122974
1.452048000e-02,0.000000,0.122728
1.452248000e-02,0.000000,0.122483
1.452448000e-02,0.000000,0.122238
1.452648000e-02,0.000000,0.121994
1.452848000e-02,0.000000,0.121750
1.453048000e-02,0.000000,0.121507
1.453248000e-02,0.000000,0.121264
1.453448000e-02,0.000000,0.121022
1.453648000e-02,0.000000,0.120780
1.453848000e-02,0.000000,0.120538
1.454048000e-02,0.000000,0.120298
1.454248000e-02,0.000000,0.120057
1.454448000e-02,0.000000,0.119817
1.454648000e-02,0.000000,0.119578
1.454848000e-02,0.000000,0.119339
1.455048000e-02,0.000000,0.119101
1.455248000e-02,0.000000,0.118863
1.455448000e-02,0.000000,0.118625
1.455648000e-02,0.000000,0.118388
1.455848000e-02,0.000000,0.118152
1.456048000e-02,0.000000,0.117916
1.456248000e-02,0.000000,0.117680
1.456448000e-02,0.000000,0.117445
1.456648000e-02,0.000000,0.117210
1.456848000e-02,0.000000,0.116976
1.457048000e-02,0.000000,0.116742
1.457248000e-02,0.000000,0.116509
1.457448000e-02,0.000000,0.116276
1.457648000e-02,0.000000,0.116044
1.457848000e-02,0.000000,0.115812
1.458048000e-02,0.000000,0.115581
1.458248000e-02,0.000000,0.115350
1.458448000e-02,0.000000,0.115119
1.458648000e-02,0.000000,0.114889
1.458848000e-02,0.000000,0.114660
1.459048000e-02,0.000000,0.114431
1.459248000e-02,0.000000,0.114202
1.459448000e-02,0.000000,0.113974
1.459648000e-02,0.000000,0.113746
1.459848000e-02,0.000000,0.113519
1.460048000e-02,0.000000,0.113292
1.460248000e-02,0.000000,0.113066
1.460448000e-02,0.000000,0.112840
1.460648000e-02,0.000000,0.112614
1.460848000e-02,0.000000,0.112389
1.461048000e-02,0.000000,0.112165
1.461248000e-02,0.000000,0.111941
1.461448000e-02,0.000000,0.111717
1.461648000e-02,0.000000,0.111494
1.461848000e-02,0.000000,0.111271
1.462048000e-02,0.000000,0.111049
1.462248000e-02,0.000000,0.110827
1.462448000e-02,0.000000,0.110605
1.462648000e-02,0.000000,0.110384
1.462848000e-02,0.000000,0.110164
1.463048000e-02,0.000000,0.109944
1.463248000e-02,0.000000,0.109724
1.463448000e-02,0.000000,0.109505
1.463648000e-02,0.000000,0.109286
1.463848000e-02,0.000000,0.109068
1.464048000e-02,0.000000,0.108850
1.464248000e-02,0.000000,0.108632
1.464448000e-02,0.000000,0.108415
1.464648000e-02,0.000000,0.108199
1.464848000e-02,0.000000,0.107982
1.465048000e-02,0.000000,0.107767
1.465248000e-02,0.000000,0.107551
1.465448000e-02,0.000000,0.107337
1.465648000e-02,0.000000,0.107122
1.465848000e-02,0.000000,0.106908
1.466048000e-02,0.000000,0.106694
1.466248000e-02,0.000000,0.106481
1.466448000e-02,0.000000,0.106269
1.466648000e-02,0.000000,0.106056
1.466848000e-02,0.000000,0.105844
1.467048000e-02,0.000000,0.105633
1.467248000e-02,0.000000,0.105422
1.467448000e-02,0.000000,0.105211
1.467648000e-02,0.000000,0.105001
1.467848000e-02,0.000000,0.104791
1.468048000e-02,0.000000,0.104582
1.468248000e-02,0.000000,0.104373
1.468448000e-02,0.000000,0.104164
1.468648000e-02,0.000000,0.103956
1.468848000e-02,0.000000,0.103748
1.469048000e-02,0.000000,0.103541
1.469248000e-02,0.000000,0.103334
1.469448000e-02,0.000000,0.103128
1.469648000e-02,0.000000,0.102922
1.469848000e-02,0.000000,0.102716
1.470048000e-02,0.000000,0.102511
1.470248000e-02,0.000000,0.102306
1.470448000e-02,0.000000,0.102102
1.470648000e-02,0.000000,0.101898
1.470848000e-02,0.000000,0.101694
1.471048000e-02,0.000000,0.101491
1.471248000e-02,0.000000,0.101288
1.471448000e-02,0.000000,0.101086
1.471648000e-02,0.000000,0.100884
1.471848000e-02,0.000000,0.100682
1.472048000e-02,0.000000,0.100481
1.472248000e-02,0.000000,0.100280
1.472448000e-02,0.000000,0.100080
1.472648000e-02,0.000000,0.099880
1.472848000e-02,0.000000,0.099680
1.473048000e-02,0.000000,0.099481
1.473248000e-02,0.000000,0.099282
1.473448000e-02,0.000000,0.099084
1.473648000e-02,0.000000,0.098886
1.473848000e-02,0.000000,0.098689
1.474048000e-02,0.000000,0.098491
1.474248000e-02,0.000000,0.098295
1.474448000e-02,0.000000,0.098098
1.474648000e-02,0.000000,0.097902
1.474848000e-02,0.000000,0.097707
1.475048000e-02,0.000000,0.097511
1.475248000e-02,0.000000,0.097317
1.475448000e-02,0.000000,0.097122
1.475648000e-02,0.000000,0.096928
1.475848000e-02,0.000000,0.096734
1.476048000e-02,0.000000,0.096541
1.476248000e-02,0.000000,0.096348
1.476448000e-02,0.000000,0.096156
1.476648000e-02,0.000000,0.095964
1.476848000e-02,0.000000,0.095772
1.477048000e-02,0.000000,0.095581
1.477248000e-02,0.000000,0.095390
1.477448000e-02,0.000000,0.095199
1.477648000e-02,0.000000,0.095009
1.477848000e-02,0.000000,0.094819
1.478048000e-02,0.000000,0.094629
1.478248000e-02,0.000000,0.094440
1.478448000e-02,0.000000,0.094252
1.478648000e-02,0.000000,0.094063
1.478848000e-02,0.000000,0.093875
1.479048000e-02,0.000000,0.093688
1.479248000e-02,0.000000,0.093501
1.479448000e-02,0.000000,0.093314
1.479648000e-02,0.000000,0.093127
1.479848000e-02,0.000000,0.092941
1.480048000e-02,0.000000,0.092756
1.480248000e-02,0.000000,0.092570
1.480448000e-02,0.000000,0.092385
1.480648000e-02,0.000000,0.092201
1.480848000e-02,0.000000,0.092017
1.481048000e-02,0.000000,0.091833
1.481248000e-02,0.000000,0.091649
1.481448000e-02,0.000000,0.091466
1.481648000e-02,0.000000,0.091283
1.481848000e-02,0.000000,0.091101
1.482048000e-02,0.000000,0.090919
1.482248000e-02,0.000000,0.090737
1.482448000e-02,0.000000,0.090556
1.482648000e-02,0.000000,0.090375
1.482848000e-02,0.000000,0.090195
1.483048000e-02,0.000000,0.090014
1.483248000e-02,0.000000,0.089834
1.483448000e-02,0.000000,0.089655
1.483648000e-02,0.000000,0.089476
1.483848000e-02,0.000000,0.089297
1.484048000e-02,0.000000,0.089119
1.484248000e-02,0.000000,0.088941
1.484448000e-02,0.000000,0.088763
1.484648000e-02,0.000000,0.088586
1.484848000e-02,0.000000,0.088409
1.485048000e-02,0.000000,0.088232
1.485248000e-02,0.000000,0.088056
1.485448000e-02,0.000000,0.087880
1.485648000e-02,0.000000,0.087704
1.485848000e-02,0.000000,0.087529
1.486048000e-02,0.000000,0.087354
1.486248000e-02,0.000000,0.087179
1.486448000e-02,0.000000,0.087005
1.486648000e-02,0.000000,0.086831
1.486848000e-02,0.000000,0.086658
1.487048000e-02,0.000000,0.086485
1.487248000e-02,0.000000,0.086312
1.487448000e-02,0.000000,0.086140
1.487648000e-02,0.000000,0.085967
1.487848000e-02,0.000000,0.085796
1.488048000e-02,0.000000,0.085624
1.488248000e-02,0.000000,0.085453
1.488448000e-02,0.000000,0.085282
1.488648000e-02,0.000000,0.085112
1.488848000e-02,0.000000,0.084942
1.489048000e-02,0.000000,0.084772
1.489248000e-02,0.000000,0.084603
1.489448000e-02,0.000000,0.084434
1.489648000e-02,0.000000,0.084265
1.489848000e-02,0.000000,0.084097
1.490048000e-02,0.000000,0.083929
1.490248000e-02,0.000000,0.083761
1.490448000e-02,0.000000,0.083594
1.490648000e-02,0.000000,0.083427
1.490848000e-02,0.000000,0.083260
1.491048000e-02,0.000000,0.083094
1.491248000e-02,0.000000,0.082928
1.491448000e-02,0.000000,0.082762
1.491648000e-02,0.000000,0.082597
1.491848000e-02,0.000000,0.082432
1.492048000e-02,0.000000,0.082267
1.492248000e-02,0.000000,0.082103
1.492448000e-02,0.000000,0.081938
1.492648000e-02,0.000000,0.081775
1.492848000e-02,0.000000,0.081611
1.493048000e-02,0.000000,0.081448
1.493248000e-02,0.000000,0.081286
1.493448000e-02,0.000000,0.081123
1.493648000e-02,0.000000,0.080961
1.493848000e-02,0.000000,0.080799
1.494048000e-02,0.000000,0.080638
1.494248000e-02,0.000000,0.080477
1.494448000e-02,0.000000,0.080316
1.494648000e-02,0.000000,0.080156
1.494848000e-02,0.000000,0.079995
1.495048000e-02,0.000000,0.079836
1.495248000e-02,0.000000,0.079676
1.495448000e-02,0.000000,0.079517
1.495648000e-02,0.000000,0.079358
1.495848000e-02,0.000000,0.079199
1.496048000e-02,0.000000,0.079041
1.496248000e-02,0.000000,0.078883
1.496448000e-02,0.000000,0.078726
1.496648000e-02,0.000000,0.078568
1.496848000e-02,0.000000,0.078411
1.497048000e-02,0.000000,0.078255
1.497248000e-02,0.000000,0.078098
1.497448000e-02,0.000000,0.077942
1.497648000e-02,0.000000,0.077787
1.497848000e-02,0.000000,0.077631
1.498048000e-02,0.000000,0.077476
1.498248000e-02,0.000000,0.077321
1.498448000e-02,0.000000,0.077167
1.498648000e-02,0.000000,0.077013
1.498848000e-02,0.000000,0.076859
1.499048000e-02,0.000000,0.076705
1.499248000e-02,0.000000,0.076552
1.499448000e-02,0.000000,0.076399
1.499648000e-02,0.000000,0.076246
1.499848000e-02,0.000000,0.076094
1.500000000e-02,0.000000,0.075978
